backbone,base_test_mae,dataset,delta_abs_mean,failure_score_mean,gate_mean,mae,mape,masked_mae,model,plugin,plugin_gain_pct,plugin_val_mae,rmse,scenario,seed
SAITS,0.2621139318140132,PEMS03,0.0757691701439838,0.0856741792002934,1.0,0.1719354838132858,0.5195931792259216,0.2148754757428466,SAITS+DoRAAdapter,DoRAAdapter,18.022108075005068,0.1779877841472625,0.2784264385700226,random_missing_50,1
MagiNet,0.1503687580245781,PEMS03,0.0496116462422046,0.0856741792002934,1.0,0.1191892251372337,0.4279757142066955,0.1338424402742113,MagiNet+DoRAAdapter,DoRAAdapter,10.990526202035646,0.1346813887357711,0.1730054169893264,random_missing_50,1
BRITS,0.2681940686903888,PEMS03,0.0791799597624724,0.0856741792002934,1.0,0.1482095867395401,0.418971300125122,0.2203724980511738,BRITS+DoRAAdapter,DoRAAdapter,17.830957587067903,0.1655809432268142,0.2681353092193603,random_missing_50,1
ImputeFormer,0.1658102531181217,PEMS03,0.0577032009469002,0.0856741792002934,1.0,0.1092200651764869,0.3746301531791687,0.1424078033290535,ImputeFormer+DoRAAdapter,DoRAAdapter,14.113994369453447,0.1325747221708297,0.1751706153154373,random_missing_50,1
SAITS,0.550815285180588,PEMS03,0.0900449841936057,0.773468017578125,1.0,0.2230860739946365,0.4713248312473297,0.5379216084227755,SAITS+DoRAAdapter,DoRAAdapter,2.340834959506477,0.3829173743724823,0.4760822057723999,sensor_failure_30,1
MagiNet,0.7049558170116579,PEMS03,0.027449147352177,0.773468017578125,1.0,0.2415994256734848,0.8450062274932861,0.7043699935960621,MagiNet+DoRAAdapter,DoRAAdapter,0.0831007279405253,0.5367796421051025,0.507244348526001,sensor_failure_30,1
BRITS,0.5791577966042397,PEMS03,0.094612894028518,0.773468017578125,1.0,0.2329074740409851,0.4953394532203674,0.5616738387728777,BRITS+DoRAAdapter,DoRAAdapter,3.0188590974472325,0.4202611744403839,0.4726347923278808,sensor_failure_30,1
ImputeFormer,0.8691312130366531,PEMS03,0.1800502765215817,0.773468017578125,1.0,0.3499279916286468,0.8538237810134888,0.7876993339752483,ImputeFormer+DoRAAdapter,DoRAAdapter,9.369342377762546,0.6100523471832275,0.5625660419464111,sensor_failure_30,1
SAITS,0.2859180117388114,PEMS03,0.0735012739017791,0.0856741792002934,1.0,0.1938211172819137,0.506655216217041,0.2449616826393983,SAITS+DoRAAdapter,DoRAAdapter,14.32450122688563,0.2008513808250427,0.3272910416126251,incident_perturbation,1
MagiNet,0.1686655699743213,PEMS03,0.0497606096386647,0.0856741792002934,1.0,0.1291648745536804,0.3963845372200012,0.1542160846936904,MagiNet+DoRAAdapter,DoRAAdapter,8.566944209675306,0.1458119451999664,0.2182640433311462,incident_perturbation,1
BRITS,0.29206426540719,PEMS03,0.084056374094369,0.0856741792002934,1.0,0.1768317967653274,0.4347201883792877,0.2448389065939105,BRITS+DoRAAdapter,DoRAAdapter,16.1695093877503,0.1896906495094299,0.3151566386222839,incident_perturbation,1
ImputeFormer,0.1913419530676816,PEMS03,0.068815257015774,0.0856741792002934,1.0,0.1517754942178726,0.4247488975524902,0.1684565727026779,ImputeFormer+DoRAAdapter,DoRAAdapter,11.960461361502173,0.1590863317251205,0.2390832901000976,incident_perturbation,1
SAITS,0.2647899650008006,PEMS03,0.0736381972546507,0.0862635847067964,1.0,0.1646294295787811,0.4885508418083191,0.2167446622126917,SAITS+DoRAAdapter,DoRAAdapter,18.144684141622797,0.1770668029785156,0.2797951996326446,random_missing_50,2
MagiNet,0.1514868660887143,PEMS03,0.0653127737866277,0.0862635847067964,1.0,0.1214014813303947,0.419262558221817,0.1311011629932822,MagiNet+DoRAAdapter,DoRAAdapter,13.45707626131351,0.133199393749237,0.1731431782245636,random_missing_50,2
BRITS,0.2666722125280212,PEMS03,0.0781847682178702,0.0862635847067964,1.0,0.1735535413026809,0.5147557258605957,0.2194285103596538,BRITS+DoRAAdapter,DoRAAdapter,17.71601987342536,0.1643781512975692,0.2770377099514007,random_missing_50,2
ImputeFormer,0.1536537465155463,PEMS03,0.0491404635142216,0.0862635847067964,1.0,0.1254371106624603,0.4167502820491791,0.1342608966509214,ImputeFormer+DoRAAdapter,DoRAAdapter,12.62113700733146,0.1286592930555343,0.1770691126585006,random_missing_50,2
SAITS,0.4512053397585669,PEMS03,0.014926390484486,0.7769802961022683,1.0,0.1428611278533935,0.3208555579185486,0.4509716093354507,SAITS+DoRAAdapter,DoRAAdapter,0.0518013424312126,0.4027946293354034,0.3866940438747406,sensor_failure_30,2
MagiNet,0.6642157058478144,PEMS03,0.1334658827737113,0.7769802961022683,1.0,0.2164314538240432,0.8478813767433167,0.6434510132976782,MagiNet+DoRAAdapter,DoRAAdapter,3.126197162656956,0.5164350271224976,0.4825262427330017,sensor_failure_30,2
BRITS,0.5076605776017329,PEMS03,0.1240315541300075,0.7769802961022683,1.0,0.2365759462118148,0.6348368525505066,0.4915742963273948,BRITS+DoRAAdapter,DoRAAdapter,3.1687079879891624,0.4122177958488464,0.3981455564498901,sensor_failure_30,2
ImputeFormer,0.8206843200873735,PEMS03,0.1845463547751168,0.7769802961022683,1.0,0.331137478351593,0.8436411023139954,0.7381991567641404,ImputeFormer+DoRAAdapter,DoRAAdapter,10.050778515477347,0.6062745451927185,0.543572187423706,sensor_failure_30,2
SAITS,0.2869466667060904,PEMS03,0.0812908106972728,0.0862635847067964,1.0,0.1977121233940124,0.5008481740951538,0.2423416791154764,SAITS+DoRAAdapter,DoRAAdapter,15.544696198301317,0.2053893506526947,0.3288750648498535,incident_perturbation,2
MagiNet,0.1741986467264331,PEMS03,0.0564310453167759,0.0862635847067964,1.0,0.153692364692688,0.4571675360202789,0.157028756636838,MagiNet+DoRAAdapter,DoRAAdapter,9.856500272679598,0.1544196754693985,0.2341368943452835,incident_perturbation,2
BRITS,0.289879083543189,PEMS03,0.0795263582318626,0.0862635847067964,1.0,0.2021185010671615,0.5450772643089294,0.245445674592055,BRITS+DoRAAdapter,DoRAAdapter,15.3282563226104,0.1892163306474685,0.3280501663684845,incident_perturbation,2
ImputeFormer,0.1778212446823415,PEMS03,0.0488306055693943,0.0862635847067964,1.0,0.1419949680566787,0.3862874805927276,0.162611814686199,ImputeFormer+DoRAAdapter,DoRAAdapter,8.553213100781381,0.1528932750225067,0.2310680299997329,incident_perturbation,2
SAITS,0.2665320151909975,PEMS03,0.0783742230377081,0.0860253439947519,1.0,0.1822714805603027,0.5551919937133789,0.2181950716149624,SAITS+DoRAAdapter,DoRAAdapter,18.135511241078,0.1756364107131958,0.288996011018753,random_missing_50,3
MagiNet,0.1485565777310312,PEMS03,0.0432225010053936,0.0860253439947519,1.0,0.1024259850382804,0.3310768604278564,0.1419359354983113,MagiNet+DoRAAdapter,DoRAAdapter,4.456646978437369,0.1467475295066833,0.16639444231987,random_missing_50,3
BRITS,0.2659760347820707,PEMS03,0.0801476509841939,0.0860253439947519,1.0,0.1646226495504379,0.5044302940368652,0.2198508719173994,BRITS+DoRAAdapter,DoRAAdapter,17.3418492017389,0.1642107963562011,0.2721778750419616,random_missing_50,3
ImputeFormer,0.1564686930201115,PEMS03,0.0236467479069842,0.0860253439947519,1.0,0.0946555137634277,0.3198891282081604,0.1464716227644776,ImputeFormer+DoRAAdapter,DoRAAdapter,6.389182438143637,0.138813629746437,0.1700811833143234,random_missing_50,3
SAITS,0.4925684943748783,PEMS03,0.1109526090532819,0.8275362294039622,1.0,0.2033921033143997,0.3858952820301056,0.4913167032497322,SAITS+DoRAAdapter,DoRAAdapter,0.2541354429772692,0.4075652956962585,0.4399202167987823,sensor_failure_30,3
MagiNet,0.6548076403846622,PEMS03,0.0697511928475163,0.8275362294039622,1.0,0.2421784698963165,0.8643353581428528,0.6562113063729069,MagiNet+DoRAAdapter,DoRAAdapter,-0.2143631047768674,0.5080615282058716,0.4868516623973846,sensor_failure_30,3
BRITS,0.512631330163308,PEMS03,0.1241644862284912,0.8275362294039622,1.0,0.2186893075704574,0.4325630962848663,0.5107042544356016,BRITS+DoRAAdapter,DoRAAdapter,0.3759184455410548,0.4042236804962158,0.4287891089916229,sensor_failure_30,3
ImputeFormer,0.8497805966766453,PEMS03,0.1802808696235823,0.8275362294039622,1.0,0.3424548804759979,0.6524065136909485,0.811606148693049,ImputeFormer+DoRAAdapter,DoRAAdapter,4.492271079486913,0.6093840599060059,0.5993844270706177,sensor_failure_30,3
SAITS,0.2800088392753159,PEMS03,0.0680680425736439,0.0860253439947519,1.0,0.1950231343507766,0.554806113243103,0.2428274717215978,SAITS+DoRAAdapter,DoRAAdapter,13.278640649326013,0.2037559747695922,0.3244203627109527,incident_perturbation,3
MagiNet,0.177444215438115,PEMS03,0.051808156818889,0.0860253439947519,1.0,0.1481708586215973,0.4439237117767334,0.161939828555363,MagiNet+DoRAAdapter,DoRAAdapter,8.737611899306605,0.1490320563316345,0.2317308783531189,incident_perturbation,3
BRITS,0.2864308480245152,PEMS03,0.0837714894360879,0.0860253439947519,1.0,0.1863865405321121,0.5251555442810059,0.240576112165536,BRITS+DoRAAdapter,DoRAAdapter,16.009007470820524,0.1878483146429062,0.3133571147918701,incident_perturbation,3
ImputeFormer,0.1800601297048783,PEMS03,0.0130717602341452,0.0860253439947519,1.0,0.1192924901843071,0.309943825006485,0.1761253613275563,ImputeFormer+DoRAAdapter,DoRAAdapter,2.185252439710618,0.1675211638212204,0.2391997128725052,incident_perturbation,3
SAITS,0.1895981148411822,PEMS04,0.0732585621742116,0.0782645901272767,1.0,0.1311889141798019,0.6976677775382996,0.1625344478342834,SAITS+DoRAAdapter,DoRAAdapter,14.274227900192368,0.1363501697778701,0.1959900110960006,random_missing_50,1
MagiNet,0.1585416352379913,PEMS04,0.0586120262762449,0.0782645901272767,1.0,0.1372701674699783,0.7767457962036133,0.1454457241487777,MagiNet+DoRAAdapter,DoRAAdapter,8.260234650383747,0.1331358551979065,0.1833263486623764,random_missing_50,1
BRITS,0.1863420372040622,PEMS04,0.0766480946599604,0.0782645901272767,1.0,0.1241333335638046,0.6420497894287109,0.157385711962476,BRITS+DoRAAdapter,DoRAAdapter,15.539341351021235,0.1302608400583267,0.1880494207143783,random_missing_50,1
ImputeFormer,0.1716326146999537,PEMS04,0.0721581573193774,0.0782645901272767,1.0,0.1170336529612541,0.6146707534790039,0.1494612055130443,ImputeFormer+DoRAAdapter,DoRAAdapter,12.917946408769229,0.1348154246807098,0.1742598265409469,random_missing_50,1
SAITS,0.4828044504359148,PEMS04,0.0821683372276416,0.7285505101300668,1.0,0.1890381574630737,0.6337109804153442,0.456027348836263,SAITS+DoRAAdapter,DoRAAdapter,5.546158817607278,0.3407864868640899,0.4200841784477234,sensor_failure_30,1
MagiNet,0.6071045917013417,PEMS04,0.1228375089341315,0.7285505101300668,1.0,0.2302871346473693,1.253736972808838,0.583275670590608,MagiNet+DoRAAdapter,DoRAAdapter,3.925010852570857,0.4893201887607574,0.4369214475154876,sensor_failure_30,1
BRITS,0.5067891107089277,PEMS04,0.1349248747894729,0.7285505101300668,1.0,0.2129663825035095,0.7567859292030334,0.456543687461079,BRITS+DoRAAdapter,DoRAAdapter,9.91446386398522,0.3741038739681244,0.3992292284965515,sensor_failure_30,1
ImputeFormer,0.7392810876818671,PEMS04,0.1672333012456479,0.7285505101300668,1.0,0.311357319355011,1.2740134000778198,0.6575555663177932,ImputeFormer+DoRAAdapter,DoRAAdapter,11.054729077452416,0.5473362803459167,0.502510130405426,sensor_failure_30,1
SAITS,0.2162400692072805,PEMS04,0.0793357312075244,0.0782645901272767,1.0,0.1628170162439346,0.7091228365898132,0.1894252236919251,SAITS+DoRAAdapter,DoRAAdapter,12.400498026871954,0.1640481054782867,0.2621198892593384,incident_perturbation,1
MagiNet,0.1707685601708008,PEMS04,0.0573846111229693,0.0782645901272767,1.0,0.153571680188179,0.7293707132339478,0.1605183317445135,MagiNet+DoRAAdapter,DoRAAdapter,6.002409586422201,0.1432028412818908,0.2334067821502685,incident_perturbation,1
BRITS,0.2125689825989455,PEMS04,0.0801449861633585,0.0782645901272767,1.0,0.1522900164127349,0.6662459969520569,0.1827328383383833,BRITS+DoRAAdapter,DoRAAdapter,14.0359820589884,0.1550779193639755,0.253328412771225,incident_perturbation,1
ImputeFormer,0.1948132688657645,PEMS04,0.075232751073657,0.0782645901272767,1.0,0.1621475368738174,0.7408025860786438,0.1750147748208966,ImputeFormer+DoRAAdapter,DoRAAdapter,10.162805726805988,0.1596993803977966,0.2450419962406158,incident_perturbation,1
SAITS,0.1827760008732006,PEMS04,0.0648948520850973,0.077540402069221,1.0,0.1442092508077621,0.7643858194351196,0.1594330149237934,SAITS+DoRAAdapter,DoRAAdapter,12.77136267228064,0.127357929944992,0.2034332007169723,random_missing_50,2
MagiNet,0.1549656838748941,PEMS04,0.0541024555461473,0.077540402069221,1.0,0.13913194835186,0.7785236835479736,0.1430151718617696,MagiNet+DoRAAdapter,DoRAAdapter,7.711715080593118,0.1322695910930633,0.1839415580034256,random_missing_50,2
BRITS,0.1897089496454276,PEMS04,0.0751787498015453,0.077540402069221,1.0,0.1518490016460418,0.8272954225540161,0.1599207338854784,BRITS+DoRAAdapter,DoRAAdapter,15.70206140280909,0.1312341839075088,0.2057477980852127,random_missing_50,2
ImputeFormer,0.1604043514500423,PEMS04,0.056394884333986,0.077540402069221,1.0,0.1331656575202942,0.7099377512931824,0.145954567104149,ImputeFormer+DoRAAdapter,DoRAAdapter,9.008349346678209,0.129354253411293,0.1823581755161285,random_missing_50,2
SAITS,0.3318004055299621,PEMS04,0.1622232768846594,0.7550609975621321,1.0,0.2068415880203247,1.0312165021896362,0.3327816396519757,SAITS+DoRAAdapter,DoRAAdapter,-0.2957302359068598,0.376621276140213,0.3145777285099029,sensor_failure_30,2
MagiNet,0.5793707474418308,PEMS04,0.1395864210266998,0.7550609975621321,1.0,0.2048363536596298,1.2405483722686768,0.5484142579894135,MagiNet+DoRAAdapter,DoRAAdapter,5.343122618651956,0.4561377167701721,0.4048522710800171,sensor_failure_30,2
BRITS,0.3987945335498754,PEMS04,0.172310912090799,0.7550609975621321,1.0,0.2239248305559158,1.1135814189910889,0.3771410679471665,BRITS+DoRAAdapter,DoRAAdapter,5.429729793425256,0.4141808152198791,0.3497175574302673,sensor_failure_30,2
ImputeFormer,0.6846311265143795,PEMS04,0.18160012839497,0.7550609975621321,1.0,0.2898275852203369,1.1023786067962646,0.5886890024378679,ImputeFormer+DoRAAdapter,DoRAAdapter,14.01369589562424,0.5827353596687317,0.4553508758544922,sensor_failure_30,2
SAITS,0.2100174143998729,PEMS04,0.0720496732112616,0.077540402069221,1.0,0.1793659776449203,0.8300322890281677,0.187838811785563,SAITS+DoRAAdapter,DoRAAdapter,10.560363614458112,0.1553480774164199,0.2678489685058594,incident_perturbation,2
MagiNet,0.172359692527519,PEMS04,0.0590520108422417,0.077540402069221,1.0,0.1581481993198394,0.7635596990585327,0.1620824347745554,MagiNet+DoRAAdapter,DoRAAdapter,5.962680486519618,0.1509022861719131,0.2363785803318023,incident_perturbation,2
BRITS,0.2161027631509314,PEMS04,0.0800218465548264,0.077540402069221,1.0,0.1817060559988021,0.8472406268119812,0.1867871011060542,BRITS+DoRAAdapter,DoRAAdapter,13.565611849397056,0.1563335359096527,0.2719519734382629,incident_perturbation,2
ImputeFormer,0.1879916549798899,PEMS04,0.0638604979228408,0.077540402069221,1.0,0.160294622182846,0.7048338651657104,0.1725422708509737,ImputeFormer+DoRAAdapter,DoRAAdapter,8.218122304720833,0.1531052738428115,0.2452787011861801,incident_perturbation,2
SAITS,0.1849175904387135,PEMS04,0.066566576510004,0.0794457188392644,1.0,0.1554230451583862,0.8873229622840881,0.1615802472891233,SAITS+DoRAAdapter,DoRAAdapter,12.620401928352406,0.1336437165737152,0.2103823721408844,random_missing_50,3
MagiNet,0.1562127732661441,PEMS04,0.028000344405403,0.0794457188392644,1.0,0.0926824212074279,0.4519713222980499,0.1553246948271245,MagiNet+DoRAAdapter,DoRAAdapter,0.5685056480666716,0.1489432007074356,0.1623147279024124,random_missing_50,3
BRITS,0.1878198809222719,PEMS04,0.073656305856705,0.0794457188392644,1.0,0.1416805684566497,0.8041008114814758,0.1610481142085643,BRITS+DoRAAdapter,DoRAAdapter,14.253957878286034,0.1316791921854019,0.200266882777214,random_missing_50,3
ImputeFormer,0.158325282484825,PEMS04,0.0364983717205937,0.0794457188392644,1.0,0.1193859279155731,0.6815434098243713,0.1476044148448923,ImputeFormer+DoRAAdapter,DoRAAdapter,6.771418608370551,0.1316458731889724,0.175113558769226,random_missing_50,3
SAITS,0.4302847765494084,PEMS04,0.0612762630849644,0.7591920935589335,1.0,0.1587486416101455,0.4380648136138916,0.4245190274888191,SAITS+DoRAAdapter,DoRAAdapter,1.3399844416590074,0.4013802409172058,0.3760065734386444,sensor_failure_30,3
MagiNet,0.5871628471042799,PEMS04,0.0381255357161812,0.7591920935589335,1.0,0.2124358415603637,1.2741743326187134,0.5730351987092391,MagiNet+DoRAAdapter,DoRAAdapter,2.4060869083788785,0.4568660259246826,0.4209292829036712,sensor_failure_30,3
BRITS,0.4347200255463089,PEMS04,0.0941718142965565,0.7591920935589335,1.0,0.1745642721652984,0.5340547561645508,0.4185202501822209,BRITS+DoRAAdapter,DoRAAdapter,3.7264847285859193,0.4331319034099579,0.3444314002990722,sensor_failure_30,3
ImputeFormer,0.6669447525687839,PEMS04,0.1586755116780599,0.7591920935589335,1.0,0.2991884052753448,1.3863959312438965,0.5884848332059556,ImputeFormer+DoRAAdapter,DoRAAdapter,11.764080766905288,0.5147255659103394,0.4660828113555908,sensor_failure_30,3
SAITS,0.2111204622570731,PEMS04,0.0430624810047352,0.0794457188392644,1.0,0.1515980213880539,0.7245116829872131,0.1959861511236695,SAITS+DoRAAdapter,DoRAAdapter,7.168566690127433,0.1647157222032547,0.264525294303894,incident_perturbation,3
MagiNet,0.1737971580692947,PEMS04,0.0227667878290033,0.0794457188392644,1.0,0.1197053790092468,0.4894578158855438,0.1726257114590063,MagiNet+DoRAAdapter,DoRAAdapter,0.6740309354318097,0.157778725028038,0.2265360057353973,incident_perturbation,3
BRITS,0.2140584850917723,PEMS04,0.0787259411024586,0.0794457188392644,1.0,0.1644190549850464,0.8435611724853516,0.1859530482219369,BRITS+DoRAAdapter,DoRAAdapter,13.129793410331708,0.159846156835556,0.260286808013916,incident_perturbation,3
ImputeFormer,0.1795712204205206,PEMS04,0.0367067799944528,0.0794457188392644,1.0,0.1367989033460617,0.7054062485694885,0.1705064941223603,ImputeFormer+DoRAAdapter,DoRAAdapter,5.047983901280218,0.1563346832990646,0.2328230589628219,incident_perturbation,3
SAITS,0.2803213512631668,PEMS08,0.0484356224000843,0.081206384339003,1.0,0.1491155326366424,1.39956796169281,0.2500120160379065,SAITS+DoRAAdapter,DoRAAdapter,10.812353425339236,0.2071465998888015,0.2668371200561523,random_missing_50,1
MagiNet,0.1334601328615867,PEMS08,0.0315243987830325,0.081206384339003,1.0,0.0774675980210304,0.7860634922981262,0.1247167057395936,MagiNet+DoRAAdapter,DoRAAdapter,6.551340040295853,0.1098231151700019,0.1294035762548446,random_missing_50,1
BRITS,0.2762827293411974,PEMS08,0.0612842822524293,0.081206384339003,1.0,0.1461258977651596,1.2632261514663696,0.2404471445923678,BRITS+DoRAAdapter,DoRAAdapter,12.970620651634782,0.2058581709861755,0.2590436041355133,random_missing_50,1
ImputeFormer,0.1462029079593753,PEMS08,0.0373056544977939,0.081206384339003,1.0,0.0849128812551498,0.7256537675857544,0.1408247760294751,ImputeFormer+DoRAAdapter,DoRAAdapter,3.678539643954678,0.1209618225693702,0.1484713852405548,random_missing_50,1
SAITS,0.3950395272448172,PEMS08,0.0822889913920483,0.7445933024088541,1.0,0.1812557131052017,1.4916094541549685,0.3880127052855647,SAITS+DoRAAdapter,DoRAAdapter,1.7787642690493983,0.3872812390327453,0.3210510611534118,sensor_failure_30,1
MagiNet,0.4503980150409773,PEMS08,0.004569155328414,0.7445933024088541,1.0,0.137048602104187,1.1759564876556396,0.4505254209431168,MagiNet+DoRAAdapter,DoRAAdapter,-0.0282874031156437,0.354937195777893,0.3251034021377563,sensor_failure_30,1
BRITS,0.4089441237106822,PEMS08,0.1178196053099788,0.7445933024088541,1.0,0.1810464859008789,1.2062644958496094,0.4100822997249029,BRITS+DoRAAdapter,DoRAAdapter,-0.2783206673550378,0.397893875837326,0.3418870568275451,sensor_failure_30,1
ImputeFormer,0.6199235105826184,PEMS08,0.1522285112368515,0.7445933024088541,1.0,0.2811689674854278,1.9357171058654783,0.5922059701159109,ImputeFormer+DoRAAdapter,DoRAAdapter,4.471122645543465,0.4798493087291717,0.4358574450016022,sensor_failure_30,1
SAITS,0.3013100158232721,PEMS08,0.0418886412859873,0.081206384339003,1.0,0.1804344803094864,1.474724292755127,0.276875981735863,SAITS+DoRAAdapter,DoRAAdapter,8.109267134930045,0.2269564568996429,0.3067508935928345,incident_perturbation,1
MagiNet,0.1447356579940248,PEMS08,0.025635013765958,0.081206384339003,1.0,0.1013369783759117,0.8314420580863953,0.1413775288120226,MagiNet+DoRAAdapter,DoRAAdapter,2.3201809619996308,0.1221704855561256,0.1757875084877014,incident_perturbation,1
BRITS,0.2887100195288438,PEMS08,0.0506540401618997,0.081206384339003,1.0,0.1667003184556961,1.3108254671096802,0.2607179749580356,BRITS+DoRAAdapter,DoRAAdapter,9.69555702170967,0.2303154617547989,0.2900933623313904,incident_perturbation,1
ImputeFormer,0.1655927326521498,PEMS08,0.0235198546002265,0.081206384339003,1.0,0.1123363599181175,0.8293981552124023,0.1623310325503187,ImputeFormer+DoRAAdapter,DoRAAdapter,1.969712106075736,0.1427921205759048,0.1958364993333816,incident_perturbation,1
SAITS,0.2751607081940697,PEMS08,0.0333406581010728,0.0874382925811434,1.0,0.1524446308612823,1.3849785327911377,0.2577457528574604,SAITS+DoRAAdapter,DoRAAdapter,6.329012398211504,0.2132806330919265,0.2675216495990753,random_missing_50,2
MagiNet,0.1313861503961348,PEMS08,0.0239816527856166,0.0874382925811434,1.0,0.0812340900301933,0.7852033376693726,0.1289123587559794,MagiNet+DoRAAdapter,DoRAAdapter,1.8828404917085035,0.1143455505371093,0.136191576719284,random_missing_50,2
BRITS,0.2772211556520605,PEMS08,0.0608402599838633,0.0874382925811434,1.0,0.1674698889255523,1.5272871255874634,0.2382770577164847,BRITS+DoRAAdapter,DoRAAdapter,14.048025246837392,0.1984005123376846,0.2608099579811096,random_missing_50,2
ImputeFormer,0.1417695832343156,PEMS08,0.028314701577688,0.0874382925811434,1.0,0.0887283757328987,0.7813729047775269,0.1365031318753449,ImputeFormer+DoRAAdapter,DoRAAdapter,3.714796389198866,0.1168790236115455,0.1465292423963546,random_missing_50,2
SAITS,0.4213101256127451,PEMS08,0.1319738026537926,0.7944016799428104,1.0,0.201122298836708,1.4998191595077517,0.4065886104808134,SAITS+DoRAAdapter,DoRAAdapter,3.494222957618459,0.4534437954425812,0.3530191481113434,sensor_failure_30,2
MagiNet,0.4884719349979575,PEMS08,0.0081078258215212,0.7944016799428104,1.0,0.1494902521371841,0.7035022377967834,0.4889971165875204,MagiNet+DoRAAdapter,DoRAAdapter,-0.1075152023964561,0.3548259735107422,0.3581356108188629,sensor_failure_30,2
BRITS,0.447814193426394,PEMS08,0.0960277233248442,0.7944016799428104,1.0,0.1955331861972808,1.4931151866912842,0.4244677475075316,BRITS+DoRAAdapter,DoRAAdapter,5.213422500128898,0.461620420217514,0.3558692932128906,sensor_failure_30,2
ImputeFormer,0.634031707165288,PEMS08,0.1097349279067095,0.7944016799428104,1.0,0.2712343037128448,1.519477367401123,0.6133237352558211,ImputeFormer+DoRAAdapter,DoRAAdapter,3.2660782852723327,0.5099248886108398,0.4403705596923828,sensor_failure_30,2
SAITS,0.2999684560610358,PEMS08,0.0359284536510716,0.0874382925811434,1.0,0.1918290853500366,1.621010184288025,0.2827838068138262,SAITS+DoRAAdapter,DoRAAdapter,5.728818780769737,0.2325672060251236,0.3112187683582306,incident_perturbation,2
MagiNet,0.1504774651585306,PEMS08,0.0230291266682892,0.0874382925811434,1.0,0.1055055186152458,0.7905266284942627,0.1481038840668312,MagiNet+DoRAAdapter,DoRAAdapter,1.5773664775644478,0.1327692717313766,0.1843016892671585,incident_perturbation,2
BRITS,0.2873400104831043,PEMS08,0.0602570572002349,0.0874382925811434,1.0,0.1902878731489181,1.5460681915283203,0.2505873239480483,BRITS+DoRAAdapter,DoRAAdapter,12.790660957123182,0.2155473530292511,0.2906795442104339,incident_perturbation,2
ImputeFormer,0.1564554368646893,PEMS08,0.0285485299338625,0.0874382925811434,1.0,0.1216843873262405,0.9259008169174194,0.1494209797678002,ImputeFormer+DoRAAdapter,DoRAAdapter,4.496141034058753,0.1292656660079956,0.1905450224876403,incident_perturbation,2
SAITS,0.2809823044452036,PEMS08,0.0101936938669979,0.0827375080605539,1.0,0.1450609266757965,1.157563090324402,0.277408942129061,SAITS+DoRAAdapter,DoRAAdapter,1.2717392731183552,0.2225835472345352,0.2844547927379608,random_missing_50,3
MagiNet,0.1350111600288644,PEMS08,0.0109735011088059,0.0827375080605539,1.0,0.0736564174294471,0.6778965592384338,0.1328763876867361,MagiNet+DoRAAdapter,DoRAAdapter,1.5811821346264097,0.1201072931289672,0.1407310962677002,random_missing_50,3
BRITS,0.2759361217892127,PEMS08,0.0140781347533302,0.0827375080605539,1.0,0.1444865465164184,1.0830562114715576,0.2725844247067494,BRITS+DoRAAdapter,DoRAAdapter,1.2146641261500584,0.2267671674489975,0.2771005630493164,random_missing_50,3
ImputeFormer,0.1425719926217143,PEMS08,0.0053582320611292,0.0827375080605539,1.0,0.0747890025377273,0.6208766102790833,0.1427679138614659,ImputeFormer+DoRAAdapter,DoRAAdapter,-0.1374191635740353,0.120861180126667,0.1506687104701995,random_missing_50,3
SAITS,0.3975780711454503,PEMS08,0.1055076698851741,0.7885321822820925,1.0,0.1740451604127884,0.9141337275505066,0.3963673161525352,SAITS+DoRAAdapter,DoRAAdapter,0.304532639193819,0.4476267993450165,0.3152093589305877,sensor_failure_30,3
MagiNet,0.5616612652547999,PEMS08,0.0242684277054531,0.7885321822820925,1.0,0.1881837993860244,1.6346622705459597,0.5565618876538245,MagiNet+DoRAAdapter,DoRAAdapter,0.9079097877013094,0.4472731649875641,0.3926959335803985,sensor_failure_30,3
BRITS,0.4203960942287071,PEMS08,0.100914126128153,0.7885321822820925,1.0,0.1831011623144149,0.864229679107666,0.4278439789815665,BRITS+DoRAAdapter,DoRAAdapter,-1.7716350972584445,0.4531805515289306,0.3326780796051025,sensor_failure_30,3
ImputeFormer,0.611839992548126,PEMS08,0.1693399217393663,0.7885321822820925,1.0,0.2703021764755249,1.9194542169570925,0.5874389448976205,ImputeFormer+DoRAAdapter,DoRAAdapter,3.9881419893594505,0.5074572563171387,0.4287548363208771,sensor_failure_30,3
SAITS,0.3003833501101609,PEMS08,0.0137114252789647,0.0827375080605539,1.0,0.1757750064134597,1.2226792573928833,0.2983852443403396,SAITS+DoRAAdapter,DoRAAdapter,0.6651852604641755,0.2371088564395904,0.3207253217697143,incident_perturbation,3
MagiNet,0.152849393827151,PEMS08,0.0123764213323519,0.0827375080605539,1.0,0.1016164198517799,0.7171010971069336,0.1515492996434164,MagiNet+DoRAAdapter,DoRAAdapter,0.8505720246458826,0.1286890208721161,0.189125508069992,incident_perturbation,3
BRITS,0.2882493976175305,PEMS08,0.0200326974961664,0.0827375080605539,1.0,0.1670164167881012,1.086948037147522,0.2816401631974298,BRITS+DoRAAdapter,DoRAAdapter,2.2928875046151145,0.2381862252950668,0.3014873564243316,incident_perturbation,3
ImputeFormer,0.1631019356604664,PEMS08,0.0278259401040867,0.0827375080605539,1.0,0.1093267947435379,0.7729228138923645,0.1606803809235475,ImputeFormer+DoRAAdapter,DoRAAdapter,1.4846879205406205,0.1347529143095016,0.1974280625581741,incident_perturbation,3
SAITS,0.4151550237719029,PEMS-BAY,0.101598933244698,0.0717991752826765,1.0,0.2410105764865875,1.169851303100586,0.3489025574243501,SAITS+DoRAAdapter,DoRAAdapter,15.958488408887368,0.3677263259887695,0.4952662587165832,random_missing_50,1
MagiNet,0.2456501420959685,PEMS-BAY,0.0628420904878039,0.0717991752826765,1.0,0.1496932059526443,0.8125478625297546,0.218284560563292,MagiNet+DoRAAdapter,DoRAAdapter,11.14006338412194,0.2198125422000885,0.335083931684494,random_missing_50,1
BRITS,0.4051967193157571,PEMS-BAY,0.1077351882758955,0.0717991752826765,1.0,0.2257147282361984,1.0787497758865356,0.3408960204036273,BRITS+DoRAAdapter,DoRAAdapter,15.869007779903145,0.3510845899581909,0.4764972627162933,random_missing_50,1
ImputeFormer,0.2930490357376665,PEMS-BAY,0.0774886968541882,0.0717991752826765,1.0,0.1683900356292724,0.874919056892395,0.2526524286135717,ImputeFormer+DoRAAdapter,DoRAAdapter,13.784930915199208,0.2448820173740387,0.3841471970081329,random_missing_50,1
SAITS,0.5211080434371014,PEMS-BAY,0.1612794707421543,0.7779546724695737,1.0,0.2220571786165237,0.9086452722549438,0.5014498444641529,SAITS+DoRAAdapter,DoRAAdapter,3.772384483510912,0.5286933183670044,0.5086278319358826,sensor_failure_30,1
MagiNet,0.7256694456346992,PEMS-BAY,0.1117575249704374,0.7779546724695737,1.0,0.2626309692859649,1.093721628189087,0.6794412314486341,MagiNet+DoRAAdapter,DoRAAdapter,6.370423126418396,0.6699039340019226,0.7062453627586365,sensor_failure_30,1
BRITS,0.5813574758516687,PEMS-BAY,0.1410109202067057,0.7779546724695737,1.0,0.2249258011579513,0.8822359442710876,0.5609294865407101,BRITS+DoRAAdapter,DoRAAdapter,3.513843058615937,0.5362715125083923,0.5651404857635498,sensor_failure_30,1
ImputeFormer,0.7353575829745961,PEMS-BAY,0.1334348016855668,0.7779546724695737,1.0,0.2747224569320678,1.1467117071151731,0.6969236516628136,ImputeFormer+DoRAAdapter,DoRAAdapter,5.226563538831457,0.6925210952758789,0.7703075408935547,sensor_failure_30,1
SAITS,0.421877146846308,PEMS-BAY,0.0949953208221865,0.0717991752826765,1.0,0.249283105134964,1.0305677652359009,0.3634962187722261,SAITS+DoRAAdapter,DoRAAdapter,13.838371789157453,0.3690536916255951,0.5432495474815369,incident_perturbation,1
MagiNet,0.2627591969632985,PEMS-BAY,0.0602628835404071,0.0717991752826765,1.0,0.1771177947521209,0.8506540656089783,0.237604346201951,MagiNet+DoRAAdapter,DoRAAdapter,9.573347404034358,0.2380792796611786,0.3945622444152832,incident_perturbation,1
BRITS,0.4156237939775152,PEMS-BAY,0.1118908986597617,0.0717991752826765,1.0,0.2447932511568069,1.0281014442443848,0.3532512787626891,BRITS+DoRAAdapter,DoRAAdapter,15.006964499775572,0.362216591835022,0.5220403671264648,incident_perturbation,1
ImputeFormer,0.3008494755128184,PEMS-BAY,0.0815385014154031,0.0717991752826765,1.0,0.1955903470516204,0.8928030133247375,0.2627105772086754,ImputeFormer+DoRAAdapter,DoRAAdapter,12.677069899866908,0.2558601200580597,0.431449294090271,incident_perturbation,1
SAITS,0.4135002613494627,PEMS-BAY,0.103490740895744,0.0745966026693624,1.0,0.2419268190860748,1.20000159740448,0.3470691194372041,SAITS+DoRAAdapter,DoRAAdapter,16.06556225513856,0.3600348830223083,0.4996651709079742,random_missing_50,2
MagiNet,0.2464738435661059,PEMS-BAY,0.0734546042104747,0.0745966026693624,1.0,0.1585334092378616,0.8139175176620483,0.2154955308242452,MagiNet+DoRAAdapter,DoRAAdapter,12.56860050285704,0.2172232568264007,0.3402935862541199,random_missing_50,2
BRITS,0.4016133894376839,PEMS-BAY,0.1129688830483641,0.0745966026693624,1.0,0.2343066334724426,1.19019877910614,0.3366299761337469,BRITS+DoRAAdapter,DoRAAdapter,16.180589346117912,0.3538987636566162,0.4806059002876282,random_missing_50,2
ImputeFormer,0.2760233542979244,PEMS-BAY,0.0789150683581257,0.0745966026693624,1.0,0.1877074092626571,1.0645872354507446,0.2387091285419598,ImputeFormer+DoRAAdapter,DoRAAdapter,13.518503117562169,0.2356144785881042,0.384532630443573,random_missing_50,2
SAITS,0.5330468002630739,PEMS-BAY,0.1483086047529363,0.7898222735138978,1.0,0.2386125475168228,1.273780345916748,0.5190038875657685,SAITS+DoRAAdapter,DoRAAdapter,2.6344614938828665,0.5565322637557983,0.5518937110900879,sensor_failure_30,2
MagiNet,0.6953931535993304,PEMS-BAY,0.0890131515710532,0.7898222735138978,1.0,0.2614658176898956,1.1136066913604736,0.6859156290690104,MagiNet+DoRAAdapter,DoRAAdapter,1.3629016163395762,0.6814863681793213,0.7114561796188354,sensor_failure_30,2
BRITS,0.5339575527476615,PEMS-BAY,0.137706523038903,0.7898222735138978,1.0,0.2355004251003265,1.2385038137435913,0.5197982269079506,BRITS+DoRAAdapter,DoRAAdapter,2.6517699331808773,0.5839414000511169,0.5249987244606018,sensor_failure_30,2
ImputeFormer,0.7170237327108577,PEMS-BAY,0.1086987800338641,0.7898222735138978,1.0,0.259560078382492,1.1018096208572388,0.6920692807152158,ImputeFormer+DoRAAdapter,DoRAAdapter,3.4802825704661733,0.7186141014099121,0.7686713337898254,sensor_failure_30,2
SAITS,0.4176318503042248,PEMS-BAY,0.1047554967713597,0.0745966026693624,1.0,0.2636002600193023,1.2573447227478027,0.3567956731922412,SAITS+DoRAAdapter,DoRAAdapter,14.566939055933425,0.3766420185565948,0.5343129634857178,incident_perturbation,2
MagiNet,0.2651506482266215,PEMS-BAY,0.0702906297847439,0.0745966026693624,1.0,0.1785850673913955,0.7903784513473511,0.2363857324431127,MagiNet+DoRAAdapter,DoRAAdapter,10.848517993787311,0.2341158241033554,0.398827463388443,incident_perturbation,2
BRITS,0.414103476397595,PEMS-BAY,0.1145037489655958,0.0745966026693624,1.0,0.259281188249588,1.2407842874526978,0.3520566216359377,BRITS+DoRAAdapter,DoRAAdapter,14.9834179856254,0.367577463388443,0.5290908217430115,incident_perturbation,2
ImputeFormer,0.2840124088525009,PEMS-BAY,0.0820521442149322,0.0745966026693624,1.0,0.215724378824234,1.1512576341629028,0.25135226796865,ImputeFormer+DoRAAdapter,DoRAAdapter,11.49954715563594,0.2448823302984237,0.4339274764060974,incident_perturbation,2
SAITS,0.4065888752126669,PEMS-BAY,0.076037798285423,0.070908713475459,1.0,0.2316332310438156,1.1091952323913574,0.3597288283557235,SAITS+DoRAAdapter,DoRAAdapter,11.525166996375177,0.3737556040287018,0.4979344010353088,random_missing_50,3
MagiNet,0.2439973005344761,PEMS-BAY,0.0352686767891608,0.070908713475459,1.0,0.1358212232589721,0.5962517261505127,0.2360105352886652,MagiNet+DoRAAdapter,DoRAAdapter,3.2733006587842848,0.235904574394226,0.344722032546997,random_missing_50,3
BRITS,0.4029125650540093,PEMS-BAY,0.1138639680287381,0.070908713475459,1.0,0.2452211678028106,1.2556967735290527,0.337934543979921,BRITS+DoRAAdapter,DoRAAdapter,16.127077363640474,0.3480521142482757,0.4835498929023742,random_missing_50,3
ImputeFormer,0.2736907629827138,PEMS-BAY,0.0286595795665206,0.070908713475459,1.0,0.1720558702945709,0.9342504739761353,0.2576287048684675,ImputeFormer+DoRAAdapter,DoRAAdapter,5.868688420171763,0.2538636326789856,0.4006502330303192,random_missing_50,3
SAITS,0.5474651622123459,PEMS-BAY,0.1702118828183128,0.8467847344015731,1.0,0.2803508639335632,1.3589547872543335,0.5427512863055378,SAITS+DoRAAdapter,DoRAAdapter,0.8610366891217228,0.5742173194885254,0.5883622169494629,sensor_failure_30,3
MagiNet,0.7631976588242719,PEMS-BAY,0.1401394046082788,0.8467847344015731,1.0,0.2911581099033355,1.0615391731262207,0.7092517152124521,MagiNet+DoRAAdapter,DoRAAdapter,7.068410520929152,0.7199039459228516,0.6967109441757202,sensor_failure_30,3
BRITS,0.5604561007752711,PEMS-BAY,0.1686582889686636,0.8467847344015731,1.0,0.2870077192783355,1.358301281929016,0.5646385659976881,BRITS+DoRAAdapter,DoRAAdapter,-0.7462609857634716,0.604692816734314,0.5816363096237183,sensor_failure_30,3
ImputeFormer,0.7432693689047885,PEMS-BAY,0.1342091333298456,0.8467847344015731,1.0,0.3106766045093536,1.3662245273590088,0.6963057745070684,ImputeFormer+DoRAAdapter,DoRAAdapter,6.318516053866332,0.7277798652648926,0.7541594505310059,sensor_failure_30,3
SAITS,0.4267154295871854,PEMS-BAY,0.0990888598519958,0.070908713475459,1.0,0.2706984579563141,1.2715829610824585,0.3646502619715427,SAITS+DoRAAdapter,DoRAAdapter,14.544861355420387,0.3763689696788788,0.5493867993354797,incident_perturbation,3
MagiNet,0.2617455841519003,PEMS-BAY,0.0332001194809422,0.070908713475459,1.0,0.1624712347984314,0.6275075674057007,0.2540172230113636,MagiNet+DoRAAdapter,DoRAAdapter,2.9526233138098195,0.249153271317482,0.4051165580749511,incident_perturbation,3
BRITS,0.4150372442981189,PEMS-BAY,0.1165100160352866,0.070908713475459,1.0,0.2705589830875397,1.2963632345199585,0.3520981798921417,BRITS+DoRAAdapter,DoRAAdapter,15.164678657313068,0.3644131124019623,0.5310792922973633,incident_perturbation,3
ImputeFormer,0.2905378454332787,PEMS-BAY,0.0444406353637507,0.070908713475459,1.0,0.1968772709369659,0.9766636490821838,0.2715934357645576,ImputeFormer+DoRAAdapter,DoRAAdapter,6.520461952372971,0.2648126780986786,0.4467576742172241,incident_perturbation,3
SAITS,0.4101349355478629,METR-LA,0.0695683774046061,0.0626894467034964,1.0,0.2331191301345825,1.1520848274230957,0.3759179786292362,SAITS+DoRAAdapter,DoRAAdapter,8.34285352280934,0.4357869625091553,0.5246005654335022,random_missing_50,1
MagiNet,0.3608898326852554,METR-LA,0.0580680696663979,0.0626894467034964,1.0,0.2171136289834976,1.024970293045044,0.3405035841868993,MagiNet+DoRAAdapter,DoRAAdapter,5.6488841336064,0.2338882237672805,0.4928852319717407,random_missing_50,1
BRITS,0.4534316514921598,METR-LA,0.1000210674712316,0.0626894467034964,1.0,0.2600266337394714,1.165434718132019,0.4037682370700556,BRITS+DoRAAdapter,DoRAAdapter,10.952789523773005,0.4212079644203186,0.5322734117507935,random_missing_50,1
ImputeFormer,0.3493049463359888,METR-LA,0.0442628867227016,0.0626894467034964,1.0,0.1910475343465805,1.0518476963043213,0.3368823748498356,ImputeFormer+DoRAAdapter,DoRAAdapter,3.556368616150148,0.2920297384262085,0.4469439387321472,random_missing_50,1
SAITS,0.5062314925655242,METR-LA,0.1081429860925161,0.7665612005418346,1.0,0.1971982568502426,0.9080557823181152,0.4991991596837197,SAITS+DoRAAdapter,DoRAAdapter,1.3891535759984868,0.5645924210548401,0.4743014872074127,sensor_failure_30,1
MagiNet,0.7383485199302755,METR-LA,0.0652067122920866,0.7665612005418346,1.0,0.2474485635757446,1.3363202810287476,0.7063564997847362,MagiNet+DoRAAdapter,DoRAAdapter,4.332915863169924,0.7102611660957336,0.560016393661499,sensor_failure_30,1
BRITS,0.5089275401125672,METR-LA,0.1112482111941101,0.7665612005418346,1.0,0.1891885846853256,0.8058762550354004,0.487845964329217,BRITS+DoRAAdapter,DoRAAdapter,4.142353109577692,0.6018539071083069,0.4489888846874237,sensor_failure_30,1
ImputeFormer,0.6719738539829049,METR-LA,0.1382479103662634,0.7665612005418346,1.0,0.2071728855371475,0.6279422640800476,0.6075510004515289,ImputeFormer+DoRAAdapter,DoRAAdapter,9.587107169353486,0.793829619884491,0.5000719428062439,sensor_failure_30,1
SAITS,0.4679722077326758,METR-LA,0.0573136911889068,0.0626894467034964,1.0,0.2810957431793213,1.0791237354278564,0.4424407048242286,SAITS+DoRAAdapter,DoRAAdapter,5.455773331529068,0.4632326960563659,0.609521210193634,incident_perturbation,1
MagiNet,0.3781130708222686,METR-LA,0.0599329730869847,0.0626894467034964,1.0,0.2395437806844711,1.0408023595809937,0.3581981359857106,MagiNet+DoRAAdapter,DoRAAdapter,5.266925788428751,0.246998056769371,0.5162013173103333,incident_perturbation,1
BRITS,0.4650711700177036,METR-LA,0.0944521420159964,0.0626894467034964,1.0,0.2680031955242157,1.059263825416565,0.4194115136570561,BRITS+DoRAAdapter,DoRAAdapter,9.817778289484028,0.440787672996521,0.5542927384376526,incident_perturbation,1
ImputeFormer,0.4571328085483055,METR-LA,0.0635378384626327,0.0626894467034964,1.0,0.2765835225582123,1.336186766624451,0.4491044472369752,ImputeFormer+DoRAAdapter,DoRAAdapter,1.7562426413508925,0.3314607441425323,0.590277373790741,incident_perturbation,1
SAITS,0.4037499271589305,METR-LA,0.0736917842360901,0.0606096819660474,1.0,0.2543099224567413,1.3173381090164185,0.3675768552029785,SAITS+DoRAAdapter,DoRAAdapter,8.95927640420676,0.4209088385105133,0.5249584913253784,random_missing_50,2
MagiNet,0.3682265680122971,METR-LA,0.0752129936852698,0.0606096819660474,1.0,0.2392691820859909,1.2253984212875366,0.3401297004145247,MagiNet+DoRAAdapter,DoRAAdapter,7.630320579376038,0.2239682674407959,0.5036978125572205,random_missing_50,2
BRITS,0.4615763850827789,METR-LA,0.1015606174520902,0.0606096819660474,1.0,0.2751940488815307,1.2496098279953003,0.411922547500252,BRITS+DoRAAdapter,DoRAAdapter,10.757447561712253,0.4170663356781006,0.5455102920532227,random_missing_50,2
ImputeFormer,0.3363144771428661,METR-LA,0.0818166456904073,0.0606096819660474,1.0,0.2252015620470047,1.3604894876480105,0.3079732228353997,ImputeFormer+DoRAAdapter,DoRAAdapter,8.42700990698867,0.2669565081596374,0.4285972714424133,random_missing_50,2
SAITS,0.6049345283098119,METR-LA,0.0008816939368042,0.8225516862766717,1.0,0.1823624074459076,0.4956101775169372,0.6048880546323715,SAITS+DoRAAdapter,DoRAAdapter,0.0076824309516966,0.7316339015960693,0.565240740776062,sensor_failure_30,2
MagiNet,0.7136399463940692,METR-LA,0.089315188828335,0.8225516862766717,1.0,0.2356273531913757,0.7165870070457458,0.677451431110341,MagiNet+DoRAAdapter,DoRAAdapter,5.070976683211772,0.8261293768882751,0.6256095170974731,sensor_failure_30,2
BRITS,0.611631578014743,METR-LA,0.1101640475693569,0.8225516862766717,1.0,0.2180674821138382,0.6883836984634399,0.592169197656775,BRITS+DoRAAdapter,DoRAAdapter,3.182043088935945,0.7284917235374451,0.525333046913147,sensor_failure_30,2
ImputeFormer,0.7784175257528981,METR-LA,0.1265562119022492,0.8225516862766717,1.0,0.2326896786689758,0.4542880654335022,0.7124669885122648,ImputeFormer+DoRAAdapter,DoRAAdapter,8.47238597009297,0.8689832091331482,0.6054528951644897,sensor_failure_30,2
SAITS,0.4407070741671706,METR-LA,0.0822874549271274,0.0606096819660474,1.0,0.2859014272689819,1.255915641784668,0.4054751285152706,SAITS+DoRAAdapter,DoRAAdapter,7.994413458980626,0.4369089007377624,0.5685022473335266,incident_perturbation,2
MagiNet,0.3855978834353896,METR-LA,0.072461311548735,0.0606096819660474,1.0,0.2470941394567489,1.1703165769577026,0.360024072989114,MagiNet+DoRAAdapter,DoRAAdapter,6.632248657184532,0.2453518211841583,0.5269811153411865,incident_perturbation,2
BRITS,0.4774758679505594,METR-LA,0.1056374902747328,0.0606096819660474,1.0,0.3042115569114685,1.261359453201294,0.4276619768830007,BRITS+DoRAAdapter,DoRAAdapter,10.432755749808218,0.4287264347076416,0.569776713848114,incident_perturbation,2
ImputeFormer,0.3558534788107297,METR-LA,0.0772255604431256,0.0606096819660474,1.0,0.2387393862009048,1.278501033782959,0.3331513290935893,ImputeFormer+DoRAAdapter,DoRAAdapter,6.379634054165074,0.2984733581542969,0.4518319368362427,incident_perturbation,2
SAITS,0.433908927456877,METR-LA,0.0547079158549578,0.0600605208195421,1.0,0.2587860226631164,1.1595958471298218,0.4058549815277147,SAITS+DoRAAdapter,DoRAAdapter,6.465399569809577,0.4249904751777649,0.5611097812652588,random_missing_50,3
MagiNet,0.3436965099674686,METR-LA,0.0292813229946852,0.0600605208195421,1.0,0.188907966017723,0.8278893828392029,0.3383420395010592,MagiNet+DoRAAdapter,DoRAAdapter,1.5579065574207374,0.232583537697792,0.4718947410583496,random_missing_50,3
BRITS,0.4405947382357391,METR-LA,0.0911183741315504,0.0600605208195421,1.0,0.2677136659622192,1.2916772365570068,0.3955983909252534,BRITS+DoRAAdapter,DoRAAdapter,10.2126383739087,0.4202845394611358,0.5218681693077087,random_missing_50,3
ImputeFormer,0.3183703833078,METR-LA,0.0334202281620785,0.0600605208195421,1.0,0.17945496737957,0.7699759602546692,0.3130029343666465,ImputeFormer+DoRAAdapter,DoRAAdapter,1.6859133960222186,0.2775613367557525,0.4147798418998718,random_missing_50,3
SAITS,0.4774659679782006,METR-LA,0.0874671115670152,0.7862569337250084,1.0,0.216908648610115,1.0897185802459717,0.4641516490649151,SAITS+DoRAAdapter,DoRAAdapter,2.788537782004471,0.5807979106903076,0.4740301966667175,sensor_failure_30,3
MagiNet,0.7787793887558804,METR-LA,0.0139817512163551,0.7862569337250084,1.0,0.2439194768667221,0.7382750511169434,0.7806540048250588,MagiNet+DoRAAdapter,DoRAAdapter,-0.240712080499861,0.6891595721244812,0.6640034317970276,sensor_failure_30,3
BRITS,0.5589125028220556,METR-LA,0.1095008850097656,0.7862569337250084,1.0,0.2437757104635238,1.1793640851974487,0.5385872625535534,BRITS+DoRAAdapter,DoRAAdapter,3.636569260103547,0.6221257448196411,0.4933100640773773,sensor_failure_30,3
ImputeFormer,0.7504259335097446,METR-LA,0.1231483541509156,0.7862569337250084,1.0,0.3016145229339599,1.0759050846099854,0.6799979261172715,ImputeFormer+DoRAAdapter,DoRAAdapter,9.385071097300848,0.7272476553916931,0.5677201151847839,sensor_failure_30,3
SAITS,0.4398733616091693,METR-LA,0.0767667299681305,0.0600605208195421,1.0,0.2865321338176727,1.2644904851913452,0.4027842300745196,SAITS+DoRAAdapter,DoRAAdapter,8.431774863330704,0.4428884088993072,0.567595362663269,incident_perturbation,3
MagiNet,0.3660648988752711,METR-LA,0.0230642672643759,0.0600605208195421,1.0,0.2169551104307174,0.8838950991630554,0.3601302634980077,MagiNet+DoRAAdapter,DoRAAdapter,1.6211976060795317,0.2561932802200317,0.5030384659767151,incident_perturbation,3
BRITS,0.4489523834291622,METR-LA,0.0934983850541559,0.0600605208195421,1.0,0.2833100259304046,1.2976261377334597,0.4020352957378196,BRITS+DoRAAdapter,DoRAAdapter,10.4503482825914,0.4291199743747711,0.5378504991531372,incident_perturbation,3
ImputeFormer,0.338957076366823,METR-LA,0.0250426211756104,0.0600605208195421,1.0,0.2044778168201446,0.7832589745521545,0.3342413340236798,ImputeFormer+DoRAAdapter,DoRAAdapter,1.3912505954116077,0.3032989799976349,0.4418244659900665,incident_perturbation,3
