dataset,scenario,seed,backbone,masked_mae_phypro,masked_mae_dora
PEMS03,random_missing_50,1,SAITS,0.2118212496560895,0.2148754757428466
PEMS03,random_missing_50,1,MagiNet,0.1321897067589875,0.1338424402742113
PEMS03,sensor_failure_30,1,SAITS,0.5440408106533537,0.5379216084227755
PEMS03,sensor_failure_30,1,MagiNet,0.7001230115088347,0.7043699935960621
PEMS03,incident_perturbation,1,SAITS,0.2396165971203228,0.2449616826393983
PEMS03,incident_perturbation,1,MagiNet,0.1537310276045488,0.1542160846936904
PEMS03,random_missing_50,2,SAITS,0.2092524470781536,0.2167446622126917
PEMS03,random_missing_50,2,MagiNet,0.130904409062127,0.1311011629932822
PEMS03,sensor_failure_30,2,SAITS,0.4520752808758032,0.4509716093354507
PEMS03,sensor_failure_30,2,MagiNet,0.632832132024557,0.6434510132976782
PEMS03,incident_perturbation,2,SAITS,0.2416031944161402,0.2423416791154764
PEMS03,incident_perturbation,2,MagiNet,0.1569688818042373,0.157028756636838
PEMS03,random_missing_50,3,SAITS,0.2127305467703662,0.2181950716149624
PEMS03,random_missing_50,3,MagiNet,0.1302643844079369,0.1419359354983113
PEMS03,sensor_failure_30,3,SAITS,0.4830988708686234,0.4913167032497322
PEMS03,sensor_failure_30,3,MagiNet,0.6494080730687792,0.6562113063729069
PEMS03,incident_perturbation,3,SAITS,0.2373807175508065,0.2428274717215978
PEMS03,incident_perturbation,3,MagiNet,0.159812593601693,0.161939828555363
PEMS04,random_missing_50,1,SAITS,0.1590613785981152,0.1625344478342834
PEMS04,random_missing_50,1,MagiNet,0.1446504616404324,0.1454457241487777
PEMS04,sensor_failure_30,1,SAITS,0.4792234448419101,0.456027348836263
PEMS04,sensor_failure_30,1,MagiNet,0.5760126528532609,0.583275670590608
PEMS04,incident_perturbation,1,SAITS,0.1851864315587767,0.1894252236919251
PEMS04,incident_perturbation,1,MagiNet,0.1603151152670073,0.1605183317445135
PEMS04,random_missing_50,2,SAITS,0.1591442137224809,0.1594330149237934
PEMS04,random_missing_50,2,MagiNet,0.1428683319220999,0.1430151718617696
PEMS04,sensor_failure_30,2,SAITS,0.3053779049196105,0.3327816396519757
PEMS04,sensor_failure_30,2,MagiNet,0.5369371607683707,0.5484142579894135
PEMS04,incident_perturbation,2,SAITS,0.1843331756720999,0.187838811785563
PEMS04,incident_perturbation,2,MagiNet,0.1624189974068585,0.1620824347745554
PEMS04,random_missing_50,3,SAITS,0.1608812580763083,0.1615802472891233
PEMS04,random_missing_50,3,MagiNet,0.1437485587508926,0.1553246948271245
PEMS04,sensor_failure_30,3,SAITS,0.3746549633965976,0.4245190274888191
PEMS04,sensor_failure_30,3,MagiNet,0.5638559866642606,0.5730351987092391
PEMS04,incident_perturbation,3,SAITS,0.1872589394638181,0.1959861511236695
PEMS04,incident_perturbation,3,MagiNet,0.1638799196407317,0.1726257114590063
PEMS08,random_missing_50,1,SAITS,0.22801823020936,0.2500120160379065
PEMS08,random_missing_50,1,MagiNet,0.1196967916005759,0.1247167057395936
PEMS08,sensor_failure_30,1,SAITS,0.4053026585797079,0.3880127052855647
PEMS08,sensor_failure_30,1,MagiNet,0.4487767936357485,0.4505254209431168
PEMS08,incident_perturbation,1,SAITS,0.2441513176194638,0.276875981735863
PEMS08,incident_perturbation,1,MagiNet,0.1349738227832019,0.1413775288120226
PEMS08,random_missing_50,2,SAITS,0.222342457578882,0.2577457528574604
PEMS08,random_missing_50,2,MagiNet,0.1195916697889197,0.1289123587559794
PEMS08,sensor_failure_30,2,SAITS,0.3912204418307036,0.4065886104808134
PEMS08,sensor_failure_30,2,MagiNet,0.4877582624846813,0.4889971165875204
PEMS08,incident_perturbation,2,SAITS,0.241482417802496,0.2827838068138262
PEMS08,incident_perturbation,2,MagiNet,0.1413013500829832,0.1481038840668312
PEMS08,random_missing_50,3,SAITS,0.2476658279052539,0.277408942129061
PEMS08,random_missing_50,3,MagiNet,0.124307596016551,0.1328763876867361
PEMS08,sensor_failure_30,3,SAITS,0.4100948657864838,0.3963673161525352
PEMS08,sensor_failure_30,3,MagiNet,0.549346175848269,0.5565618876538245
PEMS08,incident_perturbation,3,SAITS,0.2575984814971903,0.2983852443403396
PEMS08,incident_perturbation,3,MagiNet,0.1466821104641343,0.1515492996434164
PEMS-BAY,random_missing_50,1,SAITS,0.3373037466761768,0.3489025574243501
PEMS-BAY,random_missing_50,1,MagiNet,0.2070471145627909,0.218284560563292
PEMS-BAY,sensor_failure_30,1,SAITS,0.4879079805750425,0.5014498444641529
PEMS-BAY,sensor_failure_30,1,MagiNet,0.6734276077374309,0.6794412314486341
PEMS-BAY,incident_perturbation,1,SAITS,0.3561148244536402,0.3634962187722261
PEMS-BAY,incident_perturbation,1,MagiNet,0.2274222803750969,0.237604346201951
PEMS-BAY,random_missing_50,2,SAITS,0.3367866983617436,0.3470691194372041
PEMS-BAY,random_missing_50,2,MagiNet,0.2119528526568696,0.2154955308242452
PEMS-BAY,sensor_failure_30,2,SAITS,0.5047098276566486,0.5190038875657685
PEMS-BAY,sensor_failure_30,2,MagiNet,0.6700899811829029,0.6859156290690104
PEMS-BAY,incident_perturbation,2,SAITS,0.3462281350941857,0.3567956731922412
PEMS-BAY,incident_perturbation,2,MagiNet,0.2328683990521459,0.2363857324431127
PEMS-BAY,random_missing_50,3,SAITS,0.3312408337546546,0.3597288283557235
PEMS-BAY,random_missing_50,3,MagiNet,0.2079841758755457,0.2360105352886652
PEMS-BAY,sensor_failure_30,3,SAITS,0.5300246258171237,0.5427512863055378
PEMS-BAY,sensor_failure_30,3,MagiNet,0.6890877963734322,0.7092517152124521
PEMS-BAY,incident_perturbation,3,SAITS,0.3466682767157807,0.3646502619715427
PEMS-BAY,incident_perturbation,3,MagiNet,0.2286179302041201,0.2540172230113636
METR-LA,random_missing_50,1,SAITS,0.3869734367096611,0.3759179786292362
METR-LA,random_missing_50,1,MagiNet,0.3281443139068032,0.3405035841868993
METR-LA,sensor_failure_30,1,SAITS,0.4914198024298555,0.4991991596837197
METR-LA,sensor_failure_30,1,MagiNet,0.6970091788999496,0.7063564997847362
METR-LA,incident_perturbation,1,SAITS,0.4084651470425518,0.4424407048242286
METR-LA,incident_perturbation,1,MagiNet,0.3471880235995194,0.3581981359857106
METR-LA,random_missing_50,2,SAITS,0.4051258359004888,0.3675768552029785
METR-LA,random_missing_50,2,MagiNet,0.3347752419898447,0.3401297004145247
METR-LA,sensor_failure_30,2,SAITS,0.580211434313046,0.6048880546323715
METR-LA,sensor_failure_30,2,MagiNet,0.6501027179020707,0.677451431110341
METR-LA,incident_perturbation,2,SAITS,0.406250787471021,0.4054751285152706
METR-LA,incident_perturbation,2,MagiNet,0.3552343297204163,0.360024072989114
METR-LA,random_missing_50,3,SAITS,0.3624898093114818,0.4058549815277147
METR-LA,random_missing_50,3,MagiNet,0.3133260417454733,0.3383420395010592
METR-LA,sensor_failure_30,3,SAITS,0.4873553860572077,0.4641516490649151
METR-LA,sensor_failure_30,3,MagiNet,0.7611627886372228,0.7806540048250588
METR-LA,incident_perturbation,3,SAITS,0.393478146514223,0.4027842300745196
METR-LA,incident_perturbation,3,MagiNet,0.3368396148166011,0.3601302634980077
PEMS03,random_missing_50,1,BRITS,0.21914915111427,0.2203724980511738
PEMS03,random_missing_50,1,ImputeFormer,0.1350882846891049,0.1424078033290535
PEMS03,sensor_failure_30,1,BRITS,0.5518227930752287,0.5616738387728777
PEMS03,sensor_failure_30,1,ImputeFormer,0.7927441938643887,0.7876993339752483
PEMS03,incident_perturbation,1,BRITS,0.2407840299431401,0.2448389065939105
PEMS03,incident_perturbation,1,ImputeFormer,0.1671555736426999,0.1684565727026779
PEMS03,random_missing_50,2,BRITS,0.2146229153550685,0.2194285103596538
PEMS03,random_missing_50,2,ImputeFormer,0.1381354181071501,0.1342608966509214
PEMS03,sensor_failure_30,2,BRITS,0.4584921007958528,0.4915742963273948
PEMS03,sensor_failure_30,2,ImputeFormer,0.7226212641160437,0.7381991567641404
PEMS03,incident_perturbation,2,BRITS,0.237240007896882,0.245445674592055
PEMS03,incident_perturbation,2,ImputeFormer,0.1676254363527686,0.162611814686199
PEMS03,random_missing_50,3,BRITS,0.2114468217277849,0.2198508719173994
PEMS03,random_missing_50,3,ImputeFormer,0.1361213141632213,0.1464716227644776
PEMS03,sensor_failure_30,3,BRITS,0.4881077466352706,0.5107042544356016
PEMS03,sensor_failure_30,3,ImputeFormer,0.7491316750784901,0.811606148693049
PEMS03,incident_perturbation,3,BRITS,0.2358451749521414,0.240576112165536
PEMS03,incident_perturbation,3,ImputeFormer,0.1643288468589865,0.1761253613275563
PEMS04,random_missing_50,1,BRITS,0.156411272569801,0.157385711962476
PEMS04,random_missing_50,1,ImputeFormer,0.1468227682163277,0.1494612055130443
PEMS04,sensor_failure_30,1,BRITS,0.4666110052578691,0.456543687461079
PEMS04,sensor_failure_30,1,ImputeFormer,0.6844789256220278,0.6575555663177932
PEMS04,incident_perturbation,1,BRITS,0.1832786273773452,0.1827328383383833
PEMS04,incident_perturbation,1,ImputeFormer,0.1728118921560446,0.1750147748208966
PEMS04,random_missing_50,2,BRITS,0.1580587161303979,0.1599207338854784
PEMS04,random_missing_50,2,ImputeFormer,0.1435645275455122,0.145954567104149
PEMS04,sensor_failure_30,2,BRITS,0.3601881110149881,0.3771410679471665
PEMS04,sensor_failure_30,2,ImputeFormer,0.5423719986625339,0.5886890024378679
PEMS04,incident_perturbation,2,BRITS,0.1846737404741744,0.1867871011060542
PEMS04,incident_perturbation,2,ImputeFormer,0.1676748385901778,0.1725422708509737
PEMS04,random_missing_50,3,BRITS,0.1584311511980566,0.1610481142085643
PEMS04,random_missing_50,3,ImputeFormer,0.1472766967154929,0.1476044148448923
PEMS04,sensor_failure_30,3,BRITS,0.4139550250509511,0.4185202501822209
PEMS04,sensor_failure_30,3,ImputeFormer,0.5995119620060575,0.5884848332059556
PEMS04,incident_perturbation,3,BRITS,0.1833790404123593,0.1859530482219369
PEMS04,incident_perturbation,3,ImputeFormer,0.1693048609812289,0.1705064941223603
PEMS08,random_missing_50,1,BRITS,0.215265424201329,0.2404471445923678
PEMS08,random_missing_50,1,ImputeFormer,0.1262898818163268,0.1408247760294751
PEMS08,sensor_failure_30,1,BRITS,0.403220881044475,0.4100822997249029
PEMS08,sensor_failure_30,1,ImputeFormer,0.6319750617532169,0.5922059701159109
PEMS08,incident_perturbation,1,BRITS,0.2366164196766816,0.2607179749580356
PEMS08,incident_perturbation,1,ImputeFormer,0.1500587477477824,0.1623310325503187
PEMS08,random_missing_50,2,BRITS,0.2168795677923387,0.2382770577164847
PEMS08,random_missing_50,2,ImputeFormer,0.1311976922796823,0.1365031318753449
PEMS08,sensor_failure_30,2,BRITS,0.405318740146612,0.4244677475075316
PEMS08,sensor_failure_30,2,ImputeFormer,0.5980841942082823,0.6133237352558211
PEMS08,incident_perturbation,2,BRITS,0.2331387854259935,0.2505873239480483
PEMS08,incident_perturbation,2,ImputeFormer,0.1480699415427986,0.1494209797678002
PEMS08,random_missing_50,3,BRITS,0.2251846790460142,0.2725844247067494
PEMS08,random_missing_50,3,ImputeFormer,0.1316249477023582,0.1427679138614659
PEMS08,sensor_failure_30,3,BRITS,0.4116951936210682,0.4278439789815665
PEMS08,sensor_failure_30,3,ImputeFormer,0.5902031792534722,0.5874389448976205
PEMS08,incident_perturbation,3,BRITS,0.2460099958065927,0.2816401631974298
PEMS08,incident_perturbation,3,ImputeFormer,0.1553299333468955,0.1606803809235475
PEMS-BAY,random_missing_50,1,BRITS,0.3306632669040152,0.3408960204036273
PEMS-BAY,random_missing_50,1,ImputeFormer,0.2362344530441775,0.2526524286135717
PEMS-BAY,sensor_failure_30,1,BRITS,0.5439707438151041,0.5609294865407101
PEMS-BAY,sensor_failure_30,1,ImputeFormer,0.6705709963428731,0.6969236516628136
PEMS-BAY,incident_perturbation,1,BRITS,0.351781067896919,0.3532512787626891
PEMS-BAY,incident_perturbation,1,ImputeFormer,0.2553131288996831,0.2627105772086754
PEMS-BAY,random_missing_50,2,BRITS,0.3263606412706281,0.3366299761337469
PEMS-BAY,random_missing_50,2,ImputeFormer,0.2471448789247393,0.2387091285419598
PEMS-BAY,sensor_failure_30,2,BRITS,0.5264039850559364,0.5197982269079506
PEMS-BAY,sensor_failure_30,2,ImputeFormer,0.6890804783827593,0.6920692807152158
PEMS-BAY,incident_perturbation,2,BRITS,0.3464040337765447,0.3520566216359377
PEMS-BAY,incident_perturbation,2,ImputeFormer,0.2428086422220801,0.25135226796865
PEMS-BAY,random_missing_50,3,BRITS,0.330408191338036,0.337934543979921
PEMS-BAY,random_missing_50,3,ImputeFormer,0.232530653629783,0.2576287048684675
PEMS-BAY,sensor_failure_30,3,BRITS,0.5786068455702593,0.5646385659976881
PEMS-BAY,sensor_failure_30,3,ImputeFormer,0.6930009491589605,0.6963057745070684
PEMS-BAY,incident_perturbation,3,BRITS,0.3453803941661049,0.3520981798921417
PEMS-BAY,incident_perturbation,3,ImputeFormer,0.2469110630938623,0.2715934357645576
METR-LA,random_missing_50,1,BRITS,0.3976465683485078,0.4037682370700556
METR-LA,random_missing_50,1,ImputeFormer,0.3239569749383535,0.3368823748498356
METR-LA,sensor_failure_30,1,BRITS,0.4814001924248152,0.487845964329217
METR-LA,sensor_failure_30,1,ImputeFormer,0.669697751281082,0.6075510004515289
METR-LA,incident_perturbation,1,BRITS,0.4064158229798937,0.4194115136570561
METR-LA,incident_perturbation,1,ImputeFormer,0.414049311219651,0.4491044472369752
METR-LA,random_missing_50,2,BRITS,0.400333188832401,0.411922547500252
METR-LA,random_missing_50,2,ImputeFormer,0.30621140407658,0.3079732228353997
METR-LA,sensor_failure_30,2,BRITS,0.5829078510243405,0.592169197656775
METR-LA,sensor_failure_30,2,ImputeFormer,0.7024024225050404,0.7124669885122648
METR-LA,incident_perturbation,2,BRITS,0.4166490470025703,0.4276619768830007
METR-LA,incident_perturbation,2,ImputeFormer,0.3169338555841145,0.3331513290935893
METR-LA,random_missing_50,3,BRITS,0.3833708206848615,0.3955983909252534
METR-LA,random_missing_50,3,ImputeFormer,0.27832215953151,0.3130029343666465
METR-LA,sensor_failure_30,3,BRITS,0.5900702527774278,0.5385872625535534
METR-LA,sensor_failure_30,3,ImputeFormer,0.6886143017840641,0.6799979261172715
METR-LA,incident_perturbation,3,BRITS,0.3934863965883013,0.4020352957378196
METR-LA,incident_perturbation,3,ImputeFormer,0.3110771454329954,0.3342413340236798
