dataset,scenario,missing_rate,seed,backbone,base_mae,phyguard_mae,gain_pct,gate_mean,delta_abs_mean,failure_score_mean
PEMS08,random_missing_30,30,1,MagiNet,0.1279235503046444,0.1228578069715345,3.9599771277814257,0.6118492377503576,0.0284656498930631,0.0473647937193838
PEMS08,random_missing_30,30,1,SAITS,0.2797959337637952,0.2538989651990088,9.255662945641204,0.6398238714745554,0.0492913273246698,0.0473647937193838
PEMS08,random_missing_50,50,1,MagiNet,0.1334601328615867,0.1294296619941173,3.0199811592046486,0.6162437221841506,0.0173855131007597,0.081206384339003
PEMS08,random_missing_50,50,1,SAITS,0.2966730884544012,0.2830846489716798,4.580273712561554,0.6134347665393618,0.0355371275720035,0.081206384339003
PEMS08,random_missing_70,70,1,MagiNet,0.1572021633931697,0.1468447104958377,6.588619821616288,0.6209795741445698,0.0513939090086801,0.1075867505756651
PEMS08,random_missing_70,70,1,SAITS,0.2886525009981841,0.271389513323707,5.9805432534900325,0.6048992380983635,0.0404040609599933,0.1075867505756651
PEMS08,random_missing_30,30,2,MagiNet,0.1285045113224405,0.1217099561337492,5.287405958567919,0.6259798650786534,0.0310051713377805,0.048298874261023
PEMS08,random_missing_30,30,2,SAITS,0.2795149452692662,0.2475277696825681,11.443815841719577,0.6566270944353351,0.0616424116450124,0.048298874261023
PEMS08,random_missing_50,50,2,MagiNet,0.1313861503961348,0.1286793276822948,2.060203990815491,0.592424579621765,0.0196468990068121,0.0874382925811434
PEMS08,random_missing_50,50,2,SAITS,0.2776631720589813,0.2670837349940206,3.810169345293436,0.6126037170941678,0.0246481603601147,0.0874382925811434
PEMS08,random_missing_70,70,2,MagiNet,0.1583600100515689,0.1530428615423695,3.3576333491440824,0.6136117926344944,0.0291857756514741,0.1110710848900063
PEMS08,random_missing_70,70,2,SAITS,0.2922458880410912,0.281367066293921,3.722489243592225,0.6064669503457958,0.0247945893051511,0.1110710848900063
PEMS08,random_missing_30,30,3,MagiNet,0.1262085171895649,0.1240505890547168,1.7098118121512391,0.5924933347152334,0.0218564803563713,0.0494707717732635
PEMS08,random_missing_30,30,3,SAITS,0.2781101981835163,0.2617235399909144,5.892145739218391,0.6380009784487141,0.0306598693965544,0.0494707717732635
PEMS08,random_missing_50,50,3,MagiNet,0.1350111600288644,0.1318721170325262,2.325024831774729,0.6056478334382485,0.0154359017807706,0.0827375080605539
PEMS08,random_missing_50,50,3,SAITS,0.2780948388944758,0.2714128555759841,2.4027714232507518,0.6038083598499969,0.0171609264857088,0.0827375080605539
PEMS08,random_missing_70,70,3,MagiNet,0.1632642866001732,0.1516508886920032,7.113250637973686,0.6159213905516818,0.0583764827236273,0.1107062799953679
PEMS08,random_missing_70,70,3,SAITS,0.2924495269262816,0.2710390268687234,7.321092389031364,0.6120374957516554,0.0560350485424752,0.1107062799953679
PEMS-BAY,random_missing_30,30,1,MagiNet,0.2262549664703495,0.1928683397959455,14.756196160131273,0.6869659927204161,0.0891038391886207,0.0477425020223375
PEMS-BAY,random_missing_30,30,1,SAITS,0.3998869891571113,0.3323380820507874,16.891999224256992,0.714224162299138,0.1214817457532989,0.0477425020223375
PEMS-BAY,random_missing_50,50,1,MagiNet,0.2456501420959685,0.214048990653894,12.864291944813466,0.6912384171327428,0.0937500236784519,0.0717991752826765
PEMS-BAY,random_missing_50,50,1,SAITS,0.4267545606592687,0.3680375879954416,13.758956101867687,0.7054474457075197,0.1154097770790564,0.0717991752826765
PEMS-BAY,random_missing_70,70,1,MagiNet,0.2749731123942233,0.2566057602451497,6.6796902392189885,0.6336179636259919,0.0780889998115225,0.0914934488391075
PEMS-BAY,random_missing_70,70,1,SAITS,0.4412343896912122,0.4002214073178003,9.295055719050795,0.6742487953205981,0.1062563311062411,0.0914934488391075
PEMS-BAY,random_missing_30,30,2,MagiNet,0.2297896501011142,0.2055699375066963,10.539949290040052,0.6776764623901805,0.0591641591256461,0.0471553883210511
PEMS-BAY,random_missing_30,30,2,SAITS,0.4024638127276745,0.3371959875716505,16.2170667503434,0.7318765443362618,0.1097956119087159,0.0471553883210511
PEMS-BAY,random_missing_50,50,2,MagiNet,0.2464738435661059,0.2197803596378486,10.83014876631238,0.6683238579578163,0.0839558445585342,0.0745966026693624
PEMS-BAY,random_missing_50,50,2,SAITS,0.4125611772618971,0.3580886784212294,13.203496073526123,0.6960813696310925,0.1105412110749208,0.0745966026693624
PEMS-BAY,random_missing_70,70,2,MagiNet,0.2833252483465003,0.2631464252895411,7.122140781565993,0.6463175691125694,0.0880414090367971,0.0907586367488509
PEMS-BAY,random_missing_70,70,2,SAITS,0.4259155879141609,0.3894057315842727,8.572087372685308,0.653090290084147,0.0999744387283344,0.0907586367488509
PEMS-BAY,random_missing_30,30,3,MagiNet,0.2263580757809985,0.1963972084920592,13.236049646369349,0.7116849858152698,0.0812454231819736,0.0460059973082965
PEMS-BAY,random_missing_30,30,3,SAITS,0.4025734030441839,0.3375648509178157,16.148248154196434,0.718520451748444,0.1104775625360486,0.0460059973082965
PEMS-BAY,random_missing_50,50,3,MagiNet,0.2439973005344761,0.2154343834765825,11.706243058970951,0.6789733855370441,0.0884364539069522,0.070908713475459
PEMS-BAY,random_missing_50,50,3,SAITS,0.4115516885954353,0.3589788200797701,12.774305141375692,0.6900181469087057,0.1077209770465178,0.070908713475459
PEMS-BAY,random_missing_70,70,3,MagiNet,0.2835525157742448,0.2631145948182784,7.20780801403235,0.6519894721733467,0.0885471413555139,0.0896711968824265
PEMS-BAY,random_missing_70,70,3,SAITS,0.4320417203424204,0.3949603733690188,8.582816248396632,0.6595515051585851,0.100020054767121,0.0896711968824265
METR-LA,random_missing_30,30,1,MagiNet,0.3068381786025765,0.2892378683289026,5.73602357888789,0.6243991710711584,0.0553970182992182,0.0380598272183796
METR-LA,random_missing_30,30,1,SAITS,0.3736589094417241,0.3487864060135759,6.656472734802351,0.6458930687048168,0.0558561826602035,0.0380598272183796
METR-LA,random_missing_50,50,1,MagiNet,0.3608898326852554,0.3374287707068791,6.500893029823172,0.6183193640933232,0.0892015255516565,0.0626894467034964
METR-LA,random_missing_50,50,1,SAITS,0.4592590177668184,0.4304996226131765,6.262129656917055,0.6195562444676277,0.0756748382769031,0.0626894467034964
METR-LA,random_missing_70,70,1,MagiNet,0.4124108160819448,0.3962245240905989,3.9247981285073146,0.5999585080167337,0.0737806943188245,0.080098087230793
METR-LA,random_missing_70,70,1,SAITS,0.4685432063680516,0.4477868697931629,4.429972794992165,0.6006376271410874,0.0766359245390153,0.080098087230793
METR-LA,random_missing_30,30,2,MagiNet,0.3079213000583817,0.2987640439927312,2.9738949737852747,0.6040196850937263,0.030013194441705,0.0385875578311058
METR-LA,random_missing_30,30,2,SAITS,0.3981243474790667,0.3742103181803837,6.006673404956832,0.6400904505780316,0.0520287031960048,0.0385875578311058
METR-LA,random_missing_50,50,2,MagiNet,0.3682265680122971,0.349256514157154,5.151734150402096,0.636142419646457,0.0602650341998664,0.0606096819660474
METR-LA,random_missing_50,50,2,SAITS,0.4700195017198367,0.4418484641952676,5.993589079067821,0.6354486576768975,0.0690913539225506,0.0606096819660474
METR-LA,random_missing_70,70,2,MagiNet,0.4205499931579986,0.4044295439301353,3.8331826156532474,0.6079978369180934,0.0677268622932257,0.0809355395843428
METR-LA,random_missing_70,70,2,SAITS,0.4848717110723771,0.4640920762333548,4.285594388062887,0.6058363673683643,0.0702846342669861,0.0809355395843428
METR-LA,random_missing_30,30,3,MagiNet,0.3245622954165443,0.3063117394868018,5.623128806850372,0.613425883459829,0.0622814630190424,0.0396611374602626
METR-LA,random_missing_30,30,3,SAITS,0.4208814844274153,0.3995734377620765,5.062718949094937,0.6343261964446704,0.0517917800693454,0.0396611374602626
METR-LA,random_missing_50,50,3,MagiNet,0.3436965099674686,0.3222081946335804,6.252119154751405,0.6210950306085137,0.0854006171941985,0.0600605208195421
METR-LA,random_missing_50,50,3,SAITS,0.443127535604857,0.4145859241028647,6.440947404235168,0.6173398924131235,0.0785285271307749,0.0600605208195421
METR-LA,random_missing_70,70,3,MagiNet,0.405855759401959,0.3903171827260064,3.828595828934193,0.5996727006200575,0.0719774390192532,0.0804236954360621
METR-LA,random_missing_70,70,3,SAITS,0.4479685955472681,0.4282672720277678,4.397925148175137,0.5967322716346154,0.0709175773527363,0.0804236954360621
