dataset,scenario,model,masked_mae_mean,masked_mae_std,rmse_mean,rmse_std,mape_mean,mape_std,mae_mean_std
METR-LA,incident_perturbation,BRITS,0.4604548702967906,0.0064875850119233,0.5760408639907837,0.0114587473323686,0.8692352771759033,0.0578360726251508,0.460455 +- 0.006488
METR-LA,incident_perturbation,BRITS + PhyGuard,0.423492490613351,0.0063435068765758,0.5529127717018127,0.0116218943518067,0.9854220151901244,0.0508466122158582,0.423492 +- 0.006344
METR-LA,incident_perturbation,ImputeFormer,0.3670674330430749,0.0359334986951692,0.4816418091456095,0.0432628676978351,0.9385945002237956,0.168552467334774,0.367067 +- 0.035933
METR-LA,incident_perturbation,ImputeFormer + PhyGuard,0.3455255705342244,0.0299081281228674,0.4674519697825114,0.0430362502997749,1.040839930375417,0.1603835248106301,0.345526 +- 0.029908
METR-LA,incident_perturbation,MagiNet,0.3765919510443097,0.0098549340683045,0.528701663017273,0.0179792019043801,0.8900526762008667,0.1054922899961617,0.376592 +- 0.009855
METR-LA,incident_perturbation,MagiNet + PhyGuard,0.357731849922471,0.0122132015966224,0.5125102698802948,0.0178471928483356,0.9750390847524008,0.0429046113143215,0.357732 +- 0.012213
METR-LA,incident_perturbation,SAITS,0.4724670309810772,0.0091684663546449,0.6316816806793213,0.0124482538870575,0.9036815961201986,0.0475065521027921,0.472467 +- 0.009168
METR-LA,incident_perturbation,SAITS + PhyGuard,0.4445031242296398,0.0096365072025,0.6113227208455404,0.0133579646350654,1.019960840543111,0.0515364921823098,0.444503 +- 0.009637
METR-LA,random_missing_50,BRITS,0.4461709358658932,0.007067751954759,0.5550088087717692,0.0097359827041007,0.8804158965746561,0.061851018492458,0.446171 +- 0.007068
METR-LA,random_missing_50,BRITS + PhyGuard,0.4080266260741143,0.0067949159053452,0.530962069829305,0.009772040290402,0.9996747175852456,0.0490038230116822,0.408027 +- 0.006795
METR-LA,random_missing_50,ImputeFormer,0.3370710724366484,0.0244633805573855,0.444165954987208,0.0429774724812182,0.92636509736379,0.1826215392664623,0.337071 +- 0.024463
METR-LA,random_missing_50,ImputeFormer + PhyGuard,0.3180849906650878,0.0223284412359901,0.4304210444291432,0.0428253854608102,1.0379045406977336,0.1575825244465808,0.318085 +- 0.022328
METR-LA,random_missing_50,MagiNet,0.357604303555007,0.0125907491107537,0.4995136857032776,0.0194722676820502,0.8270232478777567,0.109281762454183,0.357604 +- 0.012591
METR-LA,random_missing_50,MagiNet + PhyGuard,0.3362978264992045,0.0135595786572808,0.4837074379126231,0.0190487199683256,0.9461501240730286,0.046441917519433,0.336298 +- 0.013560
METR-LA,random_missing_50,SAITS,0.457468685030504,0.0135350814132144,0.6178732713063558,0.0223246574931765,0.9553902546564738,0.0811429017551992,0.457469 +- 0.013535
METR-LA,random_missing_50,SAITS + PhyGuard,0.4289780036371029,0.0136948171329057,0.5952680905659994,0.0220022528503342,1.067147930463155,0.0497993936844797,0.428978 +- 0.013695
METR-LA,sensor_failure_30,BRITS,0.5643487198805723,0.0570537697239373,0.4819918870925903,0.041065936191662,0.5737467209498087,0.0724292036702819,0.564349 +- 0.057054
METR-LA,sensor_failure_30,BRITS + PhyGuard,0.5387719950795601,0.0492700304319561,0.4762596289316813,0.0384314068411027,0.7737687826156616,0.0482372161665532,0.538772 +- 0.049270
METR-LA,sensor_failure_30,ImputeFormer,0.7678145541939685,0.0498858897612311,0.6047331293423971,0.0255769764015742,0.3774010340372721,0.0346508217326888,0.767815 +- 0.049886
METR-LA,sensor_failure_30,ImputeFormer + PhyGuard,0.7067042251641605,0.0469632607080656,0.5959485371907552,0.025741489315124,0.6045360962549845,0.0991654228204781,0.706704 +- 0.046963
METR-LA,sensor_failure_30,MagiNet,0.7435892850267417,0.0328844332762354,0.6268233060836792,0.043316975115987,0.782948503891627,0.3657988069114932,0.743589 +- 0.032884
METR-LA,sensor_failure_30,MagiNet + PhyGuard,0.7237502067319808,0.048049781513669,0.6121436158816019,0.0371817183704594,0.936379055182139,0.2534292898823486,0.723750 +- 0.048050
METR-LA,sensor_failure_30,SAITS,0.5013504301775313,0.0609888086384471,0.489051878452301,0.0453282294386769,0.4920983413855235,0.0710111147725831,0.501350 +- 0.060989
METR-LA,sensor_failure_30,SAITS + PhyGuard,0.4908170255708865,0.0541186398581251,0.4825416306654612,0.042478965237705,0.7624776164690653,0.0954650584486893,0.490817 +- 0.054119
PEMS-BAY,incident_perturbation,BRITS,0.414338936361106,0.0006470229075573,0.5558827519416809,0.005423351128698,0.8705914417902628,0.0095522218565951,0.414339 +- 0.000647
PEMS-BAY,incident_perturbation,BRITS + PhyGuard,0.3644414742284101,0.0013668051009845,0.5272542238235474,0.0054411395289003,0.9389631946881613,0.0094410838063215,0.364441 +- 0.001367
PEMS-BAY,incident_perturbation,ImputeFormer,0.2877500422522387,0.0077075224723816,0.4441007475058238,0.0153532813982322,0.6602294643719991,0.0334542887131827,0.287750 +- 0.007708
PEMS-BAY,incident_perturbation,ImputeFormer + PhyGuard,0.258891068046208,0.007117802662157,0.4247737129529317,0.0154068600099622,0.7558613022168478,0.0249543296053092,0.258891 +- 0.007118
PEMS-BAY,incident_perturbation,MagiNet,0.2632184764472734,0.001748375981172,0.4108334382375081,0.0034785685819999,0.5766240557034811,0.0116167715183944,0.263218 +- 0.001748
PEMS-BAY,incident_perturbation,MagiNet + PhyGuard,0.237288863124125,0.0046629013877153,0.3938923478126526,0.0041254253444396,0.672341505686442,0.0639206510593994,0.237289 +- 0.004663
PEMS-BAY,incident_perturbation,SAITS,0.424456121869521,0.0085634723570158,0.5713659326235453,0.0077114670987368,0.8762820363044739,0.0094231511142269,0.424456 +- 0.008563
PEMS-BAY,incident_perturbation,SAITS + PhyGuard,0.3740172124195993,0.00709575281189,0.5443111658096313,0.00630064824423,0.9694293538729348,0.0131958897340608,0.374017 +- 0.007096
PEMS-BAY,random_missing_50,BRITS,0.4041190836665014,0.0027163123850718,0.5112131635348002,0.0027856878372114,0.8735940853754679,0.0072172223252414,0.404119 +- 0.002716
PEMS-BAY,random_missing_50,BRITS + PhyGuard,0.3510800661587842,0.0024687094724227,0.4809971352418263,0.0028032390719012,0.9504624605178832,0.0077770650027635,0.351080 +- 0.002469
PEMS-BAY,random_missing_50,ImputeFormer,0.2784793131782859,0.006505042070239,0.4014379183451335,0.0019138299316149,0.6122021277745565,0.0335069953615728,0.278479 +- 0.006505
PEMS-BAY,random_missing_50,ImputeFormer + PhyGuard,0.2470775819330465,0.0058384091693832,0.3829964399337768,0.0032324861988637,0.7566706935564677,0.0843671846300906,0.247078 +- 0.005838
PEMS-BAY,random_missing_50,MagiNet,0.2453737620655168,0.001261192208905,0.3491368989149728,0.0039433064066732,0.5359038710594177,0.0212784097408709,0.245374 +- 0.001261
PEMS-BAY,random_missing_50,MagiNet + PhyGuard,0.2164212445894417,0.0029904128058872,0.3327658971150715,0.0043220958100942,0.6632646123568217,0.0378032064001887,0.216421 +- 0.002990
PEMS-BAY,random_missing_50,SAITS,0.416955808838867,0.0085009658139706,0.5213150382041931,0.0026608588259094,0.9111311634381613,0.0084428030855545,0.416956 +- 0.008501
PEMS-BAY,random_missing_50,SAITS + PhyGuard,0.3617016954988137,0.005505064789781,0.4921922187010446,0.0015538901863184,1.003696342309316,0.0068538565446746,0.361702 +- 0.005505
PEMS-BAY,sensor_failure_30,BRITS,0.5660651762739601,0.0300413801974839,0.568420390288035,0.0317445622859919,0.5929104089736938,0.0337558170904703,0.566065 +- 0.030041
PEMS-BAY,sensor_failure_30,BRITS + PhyGuard,0.5507625657684949,0.0312799546101334,0.5620612502098083,0.0301055238633727,0.8265200654665629,0.0063052360130528,0.550763 +- 0.031280
PEMS-BAY,sensor_failure_30,ImputeFormer,0.7451376017529409,0.0207767372969105,0.7970742583274841,0.0065399840568037,0.4359763264656067,0.0800212259923036,0.745138 +- 0.020777
PEMS-BAY,sensor_failure_30,ImputeFormer + PhyGuard,0.7148739042736235,0.0186797009501207,0.776393473148346,0.010872273756541,0.67318727572759,0.0722196726751641,0.714874 +- 0.018680
PEMS-BAY,sensor_failure_30,MagiNet,0.7280867526861005,0.0339668259075726,0.7211514711380005,0.0086513280815062,0.7301592628161112,0.0900091319839185,0.728087 +- 0.033967
PEMS-BAY,sensor_failure_30,MagiNet + PhyGuard,0.7006378173828125,0.0229081300907044,0.7038138508796692,0.0067625253918958,0.8980642954508463,0.1260388645950438,0.700638 +- 0.022908
PEMS-BAY,sensor_failure_30,SAITS,0.5314971335620836,0.0245725526569147,0.5470581650733948,0.0248630650474167,0.5973667502403259,0.0640397282312627,0.531497 +- 0.024573
PEMS-BAY,sensor_failure_30,SAITS + PhyGuard,0.5149865009887419,0.0232427353284512,0.5403879284858704,0.0234677189576783,0.8765097061793009,0.0191118407634079,0.514987 +- 0.023243
PEMS03,incident_perturbation,BRITS,0.2887062774008059,0.0050212083572917,0.3438882728417714,0.0048920682362226,0.3516260981559753,0.0084223670932175,0.288706 +- 0.005021
PEMS03,incident_perturbation,BRITS + PhyGuard,0.2535186444611952,0.0035835680033624,0.3195765018463134,0.0044302313368909,0.3864765067895253,0.0068196106723062,0.253519 +- 0.003584
PEMS03,incident_perturbation,ImputeFormer,0.1832421595556584,0.0040677866874989,0.2417596876621246,0.0013573932629437,0.2871748109658559,0.0053622456465273,0.183242 +- 0.004068
PEMS03,incident_perturbation,ImputeFormer + PhyGuard,0.1666447445675251,0.0028629753861246,0.2293702910343805,0.0012475913904556,0.3466555873552958,0.0159083401245509,0.166645 +- 0.002863
PEMS03,incident_perturbation,MagiNet,0.1734361440462898,0.0044387173595156,0.231405605872472,0.002472801628493,0.3000889023145039,0.0075858683978213,0.173436 +- 0.004439
PEMS03,incident_perturbation,MagiNet + PhyGuard,0.1593125324957348,0.0039428890332382,0.2212028155724207,0.0036765390769231,0.3481772641340891,0.0039140692994337,0.159313 +- 0.003943
PEMS03,incident_perturbation,SAITS,0.2841537411024525,0.0027245565157244,0.3438971936702728,0.0011882270846501,0.3775045772393544,0.0033883671100294,0.284154 +- 0.002725
PEMS03,incident_perturbation,SAITS + PhyGuard,0.2506033358950842,0.0021823584858209,0.3231034874916076,0.0029945617143236,0.4340082804361979,0.007887336365154,0.250603 +- 0.002182
PEMS03,random_missing_50,BRITS,0.2673782240789514,0.0026196095153567,0.29654727379481,0.0020457903222596,0.325783759355545,0.0103550799128649,0.267378 +- 0.002620
PEMS03,random_missing_50,BRITS + PhyGuard,0.2308516499323591,0.0018119509297798,0.2717591027418772,0.0020446460468634,0.3634678423404693,0.0064436833173283,0.230852 +- 0.001812
PEMS03,random_missing_50,ImputeFormer,0.1569961102230123,0.0037034325501292,0.1730876763661701,0.0023827368299979,0.2583640913168589,0.0037391103602747,0.156996 +- 0.003703
PEMS03,random_missing_50,ImputeFormer + PhyGuard,0.138974335488961,0.0024611995635112,0.1644308368364969,0.0021822489038131,0.3194120724995931,0.0127439641034206,0.138974 +- 0.002461
PEMS03,random_missing_50,MagiNet,0.1501374006147745,0.0014787806304846,0.1627750794092813,0.0014114095752889,0.2528388996918996,0.0064497817668021,0.150137 +- 0.001479
PEMS03,random_missing_50,MagiNet + PhyGuard,0.1345828838548788,0.0008133744752853,0.1584323445955911,0.0006963110488417,0.3187971413135528,0.0025962016432952,0.134583 +- 0.000813
PEMS03,random_missing_50,SAITS,0.2638774402688134,0.0011881336991235,0.2996727724870046,0.0012155319339945,0.3520409067471822,0.003802374020744,0.263877 +- 0.001188
PEMS03,random_missing_50,SAITS + PhyGuard,0.2269579947702227,0.0009125888110684,0.2788983484109242,0.0010045922955158,0.4150197108586629,0.0071792063967309,0.226958 +- 0.000913
PEMS03,sensor_failure_30,BRITS,0.5335081423306886,0.0316022034651338,0.4493914047876994,0.0360429818881316,0.2880385220050811,0.0063571437021039,0.533508 +- 0.031602
PEMS03,sensor_failure_30,BRITS + PhyGuard,0.513421491422881,0.0361797542174044,0.4370620548725128,0.0369299433023349,0.5133399267991384,0.0164578615530246,0.513421 +- 0.036180
PEMS03,sensor_failure_30,ImputeFormer,0.8445808830538519,0.0379223581964805,0.6013434529304504,0.0191750735618912,0.3611061374346415,0.0205870221438248,0.844581 +- 0.037922
PEMS03,sensor_failure_30,ImputeFormer + PhyGuard,0.7899467967380988,0.0392414384994533,0.5733820796012878,0.0198872126373154,0.5627400477727255,0.027061266260972,0.789947 +- 0.039241
PEMS03,sensor_failure_30,MagiNet,0.6746597210813782,0.0266555434272549,0.4967905282974243,0.011722049255562,0.7247719566027323,0.0678804139174772,0.674660 +- 0.026656
PEMS03,sensor_failure_30,MagiNet + PhyGuard,0.6691077560155438,0.0327055510837766,0.4933620889981587,0.0137063043234127,0.8048125505447388,0.0605854613822416,0.669108 +- 0.032706
PEMS03,sensor_failure_30,SAITS,0.4975383913034218,0.0538982162336219,0.4358943005402882,0.0549351719764742,0.2685258090496063,0.0103634522197743,0.497538 +- 0.053898
PEMS03,sensor_failure_30,SAITS + PhyGuard,0.4838271888740832,0.0518480270577018,0.4238863587379455,0.0522721899271514,0.4691983163356781,0.0302691535271445,0.483827 +- 0.051848
PEMS04,incident_perturbation,BRITS,0.2145389682531379,0.0030554187057328,0.2695901393890381,0.0027689706967525,0.4623412787914276,0.0111093040682914,0.214539 +- 0.003055
PEMS04,incident_perturbation,BRITS + PhyGuard,0.1903046462213639,0.003053760891687,0.2536070346832275,0.0030958466743367,0.5573067665100098,0.0166856402190475,0.190305 +- 0.003054
PEMS04,incident_perturbation,ImputeFormer,0.1906195036274407,0.0044630787416684,0.2457263171672821,0.0037987590417085,0.4293359518051147,0.0110194863949136,0.190620 +- 0.004463
PEMS04,incident_perturbation,ImputeFormer + PhyGuard,0.1755150787393349,0.002905802094872,0.23601229985555,0.0026945692867435,0.5543708403905233,0.0036583273420202,0.175515 +- 0.002906
PEMS04,incident_perturbation,MagiNet,0.1723084702558714,0.0015149485464942,0.2287641167640686,0.0005107208118604,0.4305434823036194,0.0040664499662107,0.172308 +- 0.001515
PEMS04,incident_perturbation,MagiNet + PhyGuard,0.1634405219475893,0.0022609630421877,0.2217717667420705,0.0014765110665161,0.5319897929827372,0.0221523031776026,0.163441 +- 0.002261
PEMS04,incident_perturbation,SAITS,0.2150060301843613,0.0037410570658969,0.2713453869024912,0.0013854042095417,0.4855822424093882,0.0127303265060641,0.215006 +- 0.003741
PEMS04,incident_perturbation,SAITS + PhyGuard,0.1950767426746722,0.0018891841476337,0.2584801316261291,0.0019198629869785,0.6114774942398071,0.028310870779626,0.195077 +- 0.001889
PEMS04,random_missing_50,BRITS,0.1885690708360473,0.0023619515094578,0.1993341644605001,0.0023697688205862,0.4312465786933899,0.0108535093267704,0.188569 +- 0.002362
PEMS04,random_missing_50,BRITS + PhyGuard,0.1644602623125172,0.0020046092242955,0.1847828576962153,0.002761516369333,0.5304552714029948,0.0095011434570099,0.164460 +- 0.002005
PEMS04,random_missing_50,ImputeFormer,0.1663284069646828,0.004687313822755,0.1721468766530354,0.0023741395144024,0.414939949909846,0.0405605242556263,0.166328 +- 0.004687
PEMS04,random_missing_50,ImputeFormer + PhyGuard,0.1496432635418785,0.0025632749418079,0.1683383733034133,0.0021546570252529,0.5542624791463217,0.0470011299280801,0.149643 +- 0.002563
PEMS04,random_missing_50,MagiNet,0.1565733641263431,0.0018150416976349,0.1623501926660537,0.0015761252255705,0.3923756182193756,0.0086568626235758,0.156573 +- 0.001815
PEMS04,random_missing_50,MagiNet + PhyGuard,0.1458054311554616,0.0012581360590419,0.161002958814303,0.0012133896284702,0.5151833891868591,0.0179754836438181,0.145805 +- 0.001258
PEMS04,random_missing_50,SAITS,0.1851694592560827,0.0036021324263265,0.1981636534134546,0.0021312336363581,0.4515928427378337,0.0197556924020603,0.185169 +- 0.003602
PEMS04,random_missing_50,SAITS + PhyGuard,0.1657365823180723,0.0019915472562549,0.1893715113401412,0.0018297942565182,0.5872210462888082,0.0318744153130837,0.165737 +- 0.001992
PEMS04,sensor_failure_30,BRITS,0.4527926606256605,0.0797981608156622,0.3731053968270619,0.0594802143975522,0.4045819838841756,0.0285396545227065,0.452793 +- 0.079798
PEMS04,sensor_failure_30,BRITS + PhyGuard,0.4075094029523323,0.0692820247286144,0.3511465489864349,0.052872799913183,0.7100961605707804,0.0458023566284592,0.407509 +- 0.069282
PEMS04,sensor_failure_30,ImputeFormer,0.7120284481325011,0.0175166329051836,0.5107045968373617,0.01354366574765,0.4497486253579457,0.0951843071777948,0.712028 +- 0.017517
PEMS04,sensor_failure_30,ImputeFormer + PhyGuard,0.6347060825513756,0.0240791767764756,0.4752099712689717,0.0160541766011269,0.8113341530164083,0.1215467496756746,0.634706 +- 0.024079
PEMS04,sensor_failure_30,MagiNet,0.5912127287491508,0.0143035899464364,0.4263678789138793,0.0151465711431665,1.1503913005193074,0.0707437075816973,0.591213 +- 0.014304
PEMS04,sensor_failure_30,MagiNet + PhyGuard,0.5710672203469391,0.01986606521519,0.4179394642512004,0.0143027347999027,1.1781949599583943,0.0574847795242501,0.571067 +- 0.019866
PEMS04,sensor_failure_30,SAITS,0.4149559039424582,0.0699046541846885,0.3675871094067891,0.0542782867986272,0.4036499957243601,0.0157995171051393,0.414956 +- 0.069905
PEMS04,sensor_failure_30,SAITS + PhyGuard,0.387335229035161,0.0678985919479809,0.3473909497261047,0.0517778392410064,0.6539103984832764,0.0545970398701745,0.387335 +- 0.067899
PEMS08,incident_perturbation,BRITS,0.2890024219587385,0.0005802336210306,0.3097767829895019,0.0007138791702008,1.120458443959554,0.1204130316167226,0.289002 +- 0.000580
PEMS08,incident_perturbation,BRITS + PhyGuard,0.2698910056526357,0.0041791775589356,0.2938072482744852,0.0022773008107304,1.1850740512212117,0.1196233747325778,0.269891 +- 0.004179
PEMS08,incident_perturbation,ImputeFormer,0.1638082204631477,0.0025691476224653,0.1965611825386682,0.002066876060159,0.693845272064209,0.0739161969744979,0.163808 +- 0.002569
PEMS08,incident_perturbation,ImputeFormer + PhyGuard,0.1608258201225974,0.0013620094241169,0.1939862271149952,0.0019379039548769,0.7301247318585714,0.0621715506131979,0.160826 +- 0.001362
PEMS08,incident_perturbation,MagiNet,0.1493541723265688,0.0041718721675276,0.1836945762236912,0.0065914559553052,0.696527898311615,0.0541026745533544,0.149354 +- 0.004172
PEMS08,incident_perturbation,MagiNet + PhyGuard,0.1467871458436211,0.004996215142301,0.1811937093734741,0.0073805610033162,0.7416725754737854,0.0490905715737648,0.146787 +- 0.004996
PEMS08,incident_perturbation,SAITS,0.2984753647039306,0.0023140684297356,0.3181206881999969,0.0016022467539077,1.233883539835612,0.135505379882278,0.298475 +- 0.002314
PEMS08,incident_perturbation,SAITS + PhyGuard,0.2839554252478912,0.0052290707788421,0.3061682482560475,0.0028162452913054,1.2915078004201253,0.1056434625483902,0.283955 +- 0.005229
PEMS08,random_missing_50,BRITS,0.2783694458234809,0.003256767556056,0.2824044028917948,0.0014956894551366,1.138764421145121,0.1196385803784259,0.278369 +- 0.003257
PEMS08,random_missing_50,BRITS + PhyGuard,0.2628039629613926,0.0075099293122978,0.2690987884998321,0.0047646151458506,1.17916997273763,0.1042515346033636,0.262804 +- 0.007510
PEMS08,random_missing_50,ImputeFormer,0.1452031663928066,0.0017899796415697,0.1506401946147282,0.0014622417216195,0.6375155448913574,0.0436115494530637,0.145203 +- 0.001790
PEMS08,random_missing_50,ImputeFormer + PhyGuard,0.1416718279430328,0.0013938869036708,0.1478358358144759,0.0022745283337618,0.656900425752004,0.023463244894313,0.141672 +- 0.001394
PEMS08,random_missing_50,MagiNet,0.1332858144288619,0.0018187808818921,0.1370213627815245,0.0043126350779935,0.6554216146469116,0.06124665769698,0.133286 +- 0.001819
PEMS08,random_missing_50,MagiNet + PhyGuard,0.1299937022363127,0.0016694556013412,0.1350108385086059,0.004681536543723,0.7149096926053365,0.0605682038511067,0.129994 +- 0.001669
PEMS08,random_missing_50,SAITS,0.2841436998026194,0.0108529152330037,0.2899373769760132,0.0120010594514861,1.1899974743525188,0.1365473731241088,0.284144 +- 0.010853
PEMS08,random_missing_50,SAITS + PhyGuard,0.2738604131805615,0.0082764857095814,0.280425210793813,0.0100437981257265,1.2365628083546956,0.1534466243265094,0.273860 +- 0.008276
PEMS08,sensor_failure_30,BRITS,0.4257401111079197,0.0082612214002013,0.3340093592802682,0.0204552007307363,0.6947025458017985,0.0722927870076786,0.425740 +- 0.008261
PEMS08,sensor_failure_30,BRITS + PhyGuard,0.4147807185686232,0.0100291071227614,0.329524705807368,0.0189098601522986,1.0310379068056743,0.259974114626203,0.414781 +- 0.010029
PEMS08,sensor_failure_30,ImputeFormer,0.6323588585282204,0.0144611457197908,0.4371279080708821,0.0130899044147469,0.4473130504290263,0.0642120200136425,0.632359 +- 0.014461
PEMS08,sensor_failure_30,ImputeFormer + PhyGuard,0.6114819262801693,0.0079382200313408,0.4283352394898732,0.0075259174365081,0.8894643386205038,0.1880423650131922,0.611482 +- 0.007938
PEMS08,sensor_failure_30,MagiNet,0.5001770717645783,0.0565476381653548,0.3591086765130361,0.0347887781984836,1.0866478482882185,0.3793271243377646,0.500177 +- 0.056548
PEMS08,sensor_failure_30,MagiNet + PhyGuard,0.4989427387844243,0.055236689916947,0.3585010866324107,0.0341388965557235,1.158787747224172,0.3449448466608333,0.498943 +- 0.055237
PEMS08,sensor_failure_30,SAITS,0.4355571389458019,0.0399669098814229,0.3421435554822286,0.0268145915618923,0.814908484617869,0.1357609702079786,0.435557 +- 0.039967
PEMS08,sensor_failure_30,SAITS + PhyGuard,0.422470998660152,0.0337238125029413,0.3354113996028899,0.0247596549601855,1.0830547610918682,0.205106056420132,0.422471 +- 0.033724
