dataset,missing_rate,base_mae_mean,phyguard_mae_mean,gain_pct_mean,gain_pct_std,wins,runs,win_rate_pct
METR-LA,30,0.3553310859042848,0.3361473022940786,5.343152074729609,1.271992818334868,6,6,100.0
METR-LA,50,0.4075364942927555,0.3826379150681537,6.100235412532786,0.4973766560269454,6,6,100.0
METR-LA,70,0.4400333469382665,0.4218529114668377,4.116678150720824,0.2849439202361957,6,6,100.0
PEMS-BAY,30,0.3145544828802386,0.2669890677224924,14.631584870889585,2.392823504426268,6,6,100.0
PEMS-BAY,50,0.3311647854521919,0.2890614700441277,12.52290684781105,1.0680013113810023,6,6,100.0
PEMS-BAY,70,0.356840429077127,0.3279090487706768,7.909933062491678,1.042773086713409,6,6,100.0
PEMS08,30,0.2033429426722045,0.1886281045054153,6.258136570846626,3.5474355812251948,6,6,100.0
PEMS08,50,0.2087147571157407,0.2019270577084371,3.033070743816769,0.9841713840887332,6,6,100.0
PEMS08,70,0.2253623960017448,0.2125556778694269,5.680604782474613,1.7256037132510962,6,6,100.0
