backbone,base_test_mae,dataset,delta_abs_mean,failure_score_mean,fixed_harm_coef,gate_mean,harm_mode,mae,mape,masked_mae,model,plugin,plugin_gain_pct,plugin_val_mae,rmse,scenario,seed
SAITS,0.2630348667920029,PEMS03,,0.0856741792002934,,,,0.1303962022066116,0.3610138595104217,0.2630348667920029,SAITS,Backbone,0.0,,0.2970553040504455,random_missing_50,1
SAITS,0.2630348667920029,PEMS03,0.0763233389123257,0.0856741792002934,,1.0,,0.1530253440141677,0.4410291314125061,0.2137390091938738,SAITS+GenericAdapter,GenericAdapter,18.741187508464517,0.1770169138908386,0.2702522873878479,random_missing_50,1
SAITS,0.2630348667920029,PEMS03,0.0943490275930851,0.0856741792002934,,0.6135775862068965,,0.1468546539545059,0.4202977120876312,0.2252823075247615,SAITS+CalibrationGuard,CalibrationGuard,14.352682489464236,0.1859458684921264,0.2746671736240387,random_missing_50,1
SAITS,0.2630348667920029,PEMS03,0.0956158577127659,0.0856741792002934,,0.6139671794754219,,0.146606907248497,0.4182250797748565,0.2251311731933235,SAITS+FailureAnomalyGuard,FailureAnomalyGuard,14.4101403973383,0.1857429444789886,0.2745555341243744,random_missing_50,1
SAITS,0.2630348667920029,PEMS03,0.0887781791659024,0.0856741792002934,1.0,0.6185403292369772,failure_aware_soft,0.1453610360622406,0.4140435755252838,0.2262450706162876,SAITS+PhyGuard,PhyGuard,13.98666139755806,0.1867119371891021,0.2747002243995666,random_missing_50,1
MagiNet,0.1503687580245781,PEMS03,,0.0856741792002934,,,,0.0745434015989303,0.2599460780620575,0.1503687580245781,MagiNet,Backbone,0.0,,0.1640895158052444,random_missing_50,1
MagiNet,0.1503687580245781,PEMS03,0.0524972988696808,0.0856741792002934,,1.0,,0.0985106751322746,0.3393994569778442,0.1321083862573367,MagiNet+GenericAdapter,GenericAdapter,12.143727199141113,0.133151963353157,0.1611638963222503,random_missing_50,1
MagiNet,0.1503687580245781,PEMS03,0.076855776836482,0.0856741792002934,,0.585940365920763,,0.0922361388802528,0.3190451562404632,0.1348415719002201,MagiNet+CalibrationGuard,CalibrationGuard,10.326071936977804,0.1364114880561828,0.1591336131095886,random_missing_50,1
MagiNet,0.1503687580245781,PEMS03,0.0753594151228906,0.0856741792002934,,0.5844210266874541,,0.0920063629746437,0.3176593780517578,0.1348085994818415,MagiNet+FailureAnomalyGuard,FailureAnomalyGuard,10.347999642447856,0.1363798081874847,0.1589300036430359,random_missing_50,1
MagiNet,0.1503687580245781,PEMS03,0.0710298471317865,0.0856741792002934,1.0,0.5918413540902421,failure_aware_soft,0.0929517447948455,0.3216604590415954,0.1350456827769625,MagiNet+PhyGuard,PhyGuard,10.19033172110856,0.1368907541036605,0.15911266207695,random_missing_50,1
SAITS,0.5549961458485446,PEMS03,,0.773468017578125,,,,0.1658787429332733,0.2711633145809173,0.5549961458485446,SAITS,Backbone,0.0,,0.487721174955368,sensor_failure_30,1
SAITS,0.5549961458485446,PEMS03,0.0841511164870217,0.773468017578125,,1.0,,0.2267774045467376,0.4058226644992828,0.5507088064033294,SAITS+GenericAdapter,GenericAdapter,0.7724989582873951,0.3951322436332702,0.492075115442276,sensor_failure_30,1
SAITS,0.5549961458485446,PEMS03,0.0890251409227603,0.773468017578125,,0.6651786257544782,,0.2035844773054123,0.349644660949707,0.5492992935893691,SAITS+CalibrationGuard,CalibrationGuard,1.026466994732992,0.3963801264762878,0.485809177160263,sensor_failure_30,1
SAITS,0.5549961458485446,PEMS03,0.0822977202703648,0.773468017578125,,0.7470602825794636,,0.1968298405408859,0.3405219614505768,0.5453410401151187,SAITS+FailureAnomalyGuard,FailureAnomalyGuard,1.7396707717067097,0.3929924070835113,0.4789794087409973,sensor_failure_30,1
SAITS,0.5549961458485446,PEMS03,0.086357152350595,0.773468017578125,1.0,0.7511371362989194,failure_aware_soft,0.2054563015699386,0.378061830997467,0.5456577669422946,SAITS+PhyGuard,PhyGuard,1.682602478612237,0.3943294584751129,0.4781279265880584,sensor_failure_30,1
MagiNet,0.7049558170116579,PEMS03,,0.773468017578125,,,,0.2106990814208984,0.6907019019126892,0.7049558170116579,MagiNet,Backbone,0.0,,0.5058457851409912,sensor_failure_30,1
MagiNet,0.7049558170116579,PEMS03,0.0308095688389097,0.773468017578125,,1.0,,0.2289291322231292,0.730878472328186,0.7065877468786507,MagiNet+GenericAdapter,GenericAdapter,-0.2314939216915207,0.5381306409835815,0.50761479139328,sensor_failure_30,1
MagiNet,0.7049558170116579,PEMS03,0.0431800854168948,0.773468017578125,,0.5757460549613026,,0.2247789949178695,0.7184429168701172,0.7062010007483936,MagiNet+CalibrationGuard,CalibrationGuard,-0.1766328763714811,0.5383275151252747,0.5071399211883545,sensor_failure_30,1
MagiNet,0.7049558170116579,PEMS03,0.0470569378861757,0.773468017578125,,0.5424462434287384,,0.2232758998870849,0.7396243214607239,0.7051324101623345,MagiNet+FailureAnomalyGuard,FailureAnomalyGuard,-0.0250502437763018,0.5374674201011658,0.5061444640159607,sensor_failure_30,1
MagiNet,0.7049558170116579,PEMS03,0.060550398544359,0.773468017578125,1.0,0.6182038969711351,failure_aware_soft,0.2358769476413726,0.7582234740257263,0.7064536977037091,MagiNet+PhyGuard,PhyGuard,-0.2124786626204243,0.5387278199195862,0.5091168284416199,sensor_failure_30,1
SAITS,0.2811805014214967,PEMS03,,0.0856741792002934,,,,0.1650968641042709,0.397429496049881,0.2811805014214967,SAITS,Backbone,0.0,,0.343157559633255,incident_perturbation,1
SAITS,0.2811805014214967,PEMS03,0.0840106984822083,0.0856741792002934,,1.0,,0.1817066967487335,0.4602639377117157,0.2354659843864636,SAITS+GenericAdapter,GenericAdapter,16.25806796841357,0.1977694779634475,0.3168640732765198,incident_perturbation,1
SAITS,0.2811805014214967,PEMS03,0.1046858520955612,0.0856741792002934,,0.6171183739911958,,0.1767597496509552,0.4380533099174499,0.2464161087674247,SAITS+CalibrationGuard,CalibrationGuard,12.36372809576835,0.2059771716594696,0.3229725658893585,incident_perturbation,1
SAITS,0.2811805014214967,PEMS03,0.1054094254402054,0.0856741792002934,,0.6158645909757887,,0.1768706291913986,0.4367648065090179,0.2465170751559061,SAITS+FailureAnomalyGuard,FailureAnomalyGuard,12.327820062326886,0.2059508264064788,0.3238303661346435,incident_perturbation,1
SAITS,0.2811805014214967,PEMS03,0.0980352536913059,0.0856741792002934,1.0,0.6181141668195158,failure_aware_soft,0.1768351048231125,0.438237577676773,0.2469959991746148,SAITS+PhyGuard,PhyGuard,12.157493878154249,0.206537976861,0.3226622641086578,incident_perturbation,1
MagiNet,0.1686655699743213,PEMS03,,0.0856741792002934,,,,0.1093190163373947,0.3083338439464569,0.1686655699743213,MagiNet,Backbone,0.0,,0.2285849303007125,incident_perturbation,1
MagiNet,0.1686655699743213,PEMS03,0.0529374111564563,0.0856741792002934,,1.0,,0.1245226711034774,0.3582345247268677,0.1528574089783565,MagiNet+GenericAdapter,GenericAdapter,9.372488409087596,0.145387053489685,0.2152159661054611,incident_perturbation,1
MagiNet,0.1686655699743213,PEMS03,0.0824503264283749,0.0856741792002934,,0.5714218979273661,,0.121189534664154,0.3476983308792114,0.1540226350421863,MagiNet+CalibrationGuard,CalibrationGuard,8.681638424702998,0.1466297060251236,0.2171104848384857,incident_perturbation,1
MagiNet,0.1686655699743213,PEMS03,0.0830285904255319,0.0856741792002934,,0.57123790581438,,0.1227310746908187,0.3498023748397827,0.1541157917965884,MagiNet+FailureAnomalyGuard,FailureAnomalyGuard,8.62640678826633,0.1465851813554763,0.2180143296718597,incident_perturbation,1
MagiNet,0.1686655699743213,PEMS03,0.0709997907877843,0.0856741792002934,1.0,0.5813000962949376,failure_aware_soft,0.1205585673451423,0.3450403213500976,0.1551701640453044,MagiNet+PhyGuard,PhyGuard,8.001280837026489,0.1478366553783416,0.2171106338500976,incident_perturbation,1
SAITS,0.1845267470063852,PEMS04,,0.0782645901272767,,,,0.0914369076490402,0.4653134047985077,0.1845267470063852,SAITS,Backbone,0.0,,0.1951775252819061,random_missing_50,1
SAITS,0.1845267470063852,PEMS04,0.0691951311832909,0.0782645901272767,,1.0,,0.1247306689620018,0.6272667646408081,0.1582843380345282,SAITS+GenericAdapter,GenericAdapter,14.221466208879171,0.1341308951377868,0.1906886398792266,random_missing_50,1
SAITS,0.1845267470063852,PEMS04,0.088565438781755,0.0782645901272767,,0.6200476431970693,,0.1146589219570159,0.5797964930534363,0.162503754723663,SAITS+CalibrationGuard,CalibrationGuard,11.934850985022852,0.1383849680423736,0.1867323368787765,random_missing_50,1
SAITS,0.1845267470063852,PEMS04,0.0889226390511589,0.0782645901272767,,0.6210769657499657,,0.114747054874897,0.5787124633789062,0.1624903473844922,SAITS+FailureAnomalyGuard,FailureAnomalyGuard,11.942116782197685,0.1383252739906311,0.1869879215955734,random_missing_50,1
SAITS,0.1845267470063852,PEMS04,0.0788314012722327,0.0782645901272767,1.0,0.6205624716473227,failure_aware_soft,0.1135130375623703,0.5805119872093201,0.1636543284374144,SAITS+PhyGuard,PhyGuard,11.31132418881724,0.1396387815475464,0.1865494549274444,random_missing_50,1
MagiNet,0.1585416352379913,PEMS04,,0.0782645901272767,,,,0.0785607397556305,0.3954370319843292,0.1585416352379913,MagiNet,Backbone,0.0,,0.1641486138105392,random_missing_50,1
MagiNet,0.1585416352379913,PEMS04,0.0569552878946906,0.0782645901272767,,1.0,,0.1097695678472518,0.5590253472328186,0.1448452024060189,MagiNet+GenericAdapter,GenericAdapter,8.639013222875061,0.1325955092906952,0.1684133857488632,random_missing_50,1
MagiNet,0.1585416352379913,PEMS04,0.0814674897769874,0.0782645901272767,,0.6011469727899891,,0.1013843491673469,0.5190327167510986,0.145883652648675,MagiNet+CalibrationGuard,CalibrationGuard,7.9840116259145555,0.1352177709341049,0.1631147414445877,random_missing_50,1
MagiNet,0.1585416352379913,PEMS04,0.0811425456932818,0.0782645901272767,,0.5995388945237606,,0.1000768840312957,0.5108312964439392,0.145981014672778,MagiNet+FailureAnomalyGuard,FailureAnomalyGuard,7.922600612992426,0.1352876275777816,0.1626997739076614,random_missing_50,1
MagiNet,0.1585416352379913,PEMS04,0.0678350427189254,0.0782645901272767,1.0,0.6069338612280882,failure_aware_soft,0.0971907973289489,0.5056784152984619,0.1466518831527321,MagiNet+PhyGuard,PhyGuard,7.499450896549131,0.1367514133453369,0.1616138368844986,random_missing_50,1
SAITS,0.4873929231063179,PEMS04,,0.7285505101300668,,,,0.1460591107606887,0.4804407060146332,0.4873929231063179,SAITS,Backbone,0.0,,0.4188922345638275,sensor_failure_30,1
SAITS,0.4873929231063179,PEMS04,0.0997138645337975,0.7285505101300668,,1.0,,0.1993727684020996,0.6291592121124268,0.4609181500863338,SAITS+GenericAdapter,GenericAdapter,5.431915763415595,0.3613082468509674,0.407573401927948,sensor_failure_30,1
SAITS,0.4873929231063179,PEMS04,0.1066388669221297,0.7285505101300668,,0.6925133414890455,,0.1789670884609222,0.5568324327468872,0.4644757699275362,SAITS+CalibrationGuard,CalibrationGuard,4.701987265781991,0.364344984292984,0.4053737223148346,sensor_failure_30,1
SAITS,0.4873929231063179,PEMS04,0.1048657721367435,0.7285505101300668,,0.7696508877519248,,0.1722186505794525,0.5405508875846863,0.4594934435858243,SAITS+FailureAnomalyGuard,FailureAnomalyGuard,5.724227455474928,0.3602728843688965,0.3989135026931762,sensor_failure_30,1
SAITS,0.4873929231063179,PEMS04,0.1128318275230518,0.7285505101300668,1.0,0.806365966796875,failure_aware_soft,0.1829914599657058,0.6193081140518188,0.4581512782884681,SAITS+PhyGuard,PhyGuard,5.999603898941142,0.360136330127716,0.3980364799499511,sensor_failure_30,1
MagiNet,0.6071045917013417,PEMS04,,0.7285505101300668,,,,0.1819336265325546,1.1796444654464722,0.6071045917013417,MagiNet,Backbone,0.0,,0.4423092603683471,sensor_failure_30,1
MagiNet,0.6071045917013417,PEMS04,0.1417518560437188,0.7285505101300668,,1.0,,0.2410925477743148,1.2398216724395752,0.5809897823610167,MagiNet+GenericAdapter,GenericAdapter,4.30153382090904,0.4875188767910003,0.4378215670585632,sensor_failure_30,1
MagiNet,0.6071045917013417,PEMS04,0.1569811226665109,0.7285505101300668,,0.620391845703125,,0.2170583456754684,1.2222996950149536,0.5873499331266984,MagiNet+CalibrationGuard,CalibrationGuard,3.253913550428457,0.4928100109100342,0.434602677822113,sensor_failure_30,1
MagiNet,0.6071045917013417,PEMS04,0.1562715889751047,0.7285505101300668,,0.6202387049578238,,0.2143599390983581,1.2099169492721558,0.5875973908797555,MagiNet+FailureAnomalyGuard,FailureAnomalyGuard,3.213153233929507,0.4931506812572479,0.4345141351222992,sensor_failure_30,1
MagiNet,0.6071045917013417,PEMS04,0.1171547986459041,0.7285505101300668,1.0,0.6078442559725996,failure_aware_soft,0.2067690938711166,1.2242920398712158,0.5838255398515342,MagiNet+PhyGuard,PhyGuard,3.834438442405879,0.4910154342651367,0.4301967918872833,sensor_failure_30,1
SAITS,0.2056108076126403,PEMS04,,0.0782645901272767,,,,0.1266127973794937,0.4642357528209686,0.2056108076126403,SAITS,Backbone,0.0,,0.2652824521064758,incident_perturbation,1
SAITS,0.2056108076126403,PEMS04,0.0714389003815307,0.0782645901272767,,1.0,,0.1523791998624801,0.6231337785720825,0.1819901018396073,SAITS+GenericAdapter,GenericAdapter,11.488066238975728,0.1564075350761413,0.2551924884319305,incident_perturbation,1
SAITS,0.2056108076126403,PEMS04,0.0909650097870232,0.0782645901272767,,0.6086031251069912,,0.1432049870491027,0.5706347227096558,0.1858896648874024,SAITS+CalibrationGuard,CalibrationGuard,9.591491300589372,0.1602300703525543,0.2543350458145141,incident_perturbation,1
SAITS,0.2056108076126403,PEMS04,0.0914737781868409,0.0782645901272767,,0.6088187124460764,,0.1442306339740753,0.5744228363037109,0.1858961177962801,SAITS+FailureAnomalyGuard,FailureAnomalyGuard,9.588352891206792,0.160075381398201,0.2551531195640564,incident_perturbation,1
SAITS,0.2056108076126403,PEMS04,0.083629197533638,0.0782645901272767,1.0,0.6125340499606272,failure_aware_soft,0.1431878507137298,0.5765177607536316,0.1864387806850862,SAITS+PhyGuard,PhyGuard,9.32442567108299,0.1604890078306198,0.2535073459148407,incident_perturbation,1
MagiNet,0.1707685601708008,PEMS04,,0.0782645901272767,,,,0.109347715973854,0.4323212802410126,0.1707685601708008,MagiNet,Backbone,0.0,,0.2281835675239563,incident_perturbation,1
MagiNet,0.1707685601708008,PEMS04,0.0585621416127965,0.0782645901272767,,1.0,,0.1324685513973236,0.5605539083480835,0.1600318559716088,MagiNet+GenericAdapter,GenericAdapter,6.287283905452666,0.142712727189064,0.222187802195549,incident_perturbation,1
MagiNet,0.1707685601708008,PEMS04,0.0855911743866192,0.0782645901272767,,0.5852246708949603,,0.1263275444507599,0.5283008813858032,0.1602274827583624,MagiNet+CalibrationGuard,CalibrationGuard,6.172727229119519,0.1441742330789566,0.2213408052921295,incident_perturbation,1
MagiNet,0.1707685601708008,PEMS04,0.0862183018404632,0.0782645901272767,,0.5856571160940496,,0.1258988678455352,0.5277882218360901,0.160165193798574,MagiNet+FailureAnomalyGuard,FailureAnomalyGuard,6.2092028893500135,0.1440825760364532,0.2210711240768432,incident_perturbation,1
MagiNet,0.1707685601708008,PEMS04,0.0699897082790352,0.0782645901272767,1.0,0.5945141848979731,failure_aware_soft,0.122810423374176,0.5198749303817749,0.1611871607040451,MagiNet+PhyGuard,PhyGuard,5.610751450485073,0.1457671523094177,0.2200681716203689,incident_perturbation,1
SAITS,0.2821823482929346,PEMS08,,0.081206384339003,,,,0.1403476744890213,1.1991757154464722,0.2821823482929346,SAITS,Backbone,0.0,,0.2918785214424133,random_missing_50,1
SAITS,0.2821823482929346,PEMS08,0.0617775188021667,0.081206384339003,,1.0,,0.1513357460498809,1.2990902662277222,0.2404933740047893,SAITS+GenericAdapter,GenericAdapter,14.77377112365221,0.1952570229768753,0.2638352811336517,random_missing_50,1
SAITS,0.2821823482929346,PEMS08,0.066326980243047,0.081206384339003,,0.6508256085799865,,0.1455105543136596,1.2597079277038574,0.2539708869598527,SAITS+CalibrationGuard,CalibrationGuard,9.997599603145767,0.2060653865337371,0.2706365287303924,random_missing_50,1
SAITS,0.2821823482929346,PEMS08,0.0571854222330448,0.081206384339003,,0.5868566742638907,,0.1457645446062088,1.2841598987579346,0.2702296239277904,SAITS+FailureAnomalyGuard,FailureAnomalyGuard,4.235815754405727,0.219173401594162,0.281160831451416,random_missing_50,1
SAITS,0.2821823482929346,PEMS08,0.0451495819260983,0.081206384339003,1.0,0.5806795585268573,failure_aware_soft,0.1471181660890579,1.2944965362548828,0.272518927289947,SAITS+PhyGuard,PhyGuard,3.424530648868201,0.220865324139595,0.2831208109855652,random_missing_50,1
MagiNet,0.1334601328615867,PEMS08,,0.081206384339003,,,,0.0663784220814704,0.7213294506072998,0.1334601328615867,MagiNet,Backbone,0.0,,0.1335147619247436,random_missing_50,1
MagiNet,0.1334601328615867,PEMS08,0.0214935186183318,0.081206384339003,,1.0,,0.0773691833019256,0.7875282764434814,0.1253035515858884,MagiNet+GenericAdapter,GenericAdapter,6.111623824140556,0.1107907220721244,0.1293453723192215,random_missing_50,1
MagiNet,0.1334601328615867,PEMS08,0.0265892360603132,0.081206384339003,,0.6124105609754219,,0.0737331211566925,0.7616496086120605,0.1272421866578246,MagiNet+CalibrationGuard,CalibrationGuard,4.659028932790633,0.1126443967223167,0.1295095831155777,random_missing_50,1
MagiNet,0.1334601328615867,PEMS08,0.031691412686626,0.081206384339003,,0.6255589638259209,,0.0755654647946357,0.7746684551239014,0.1259399880266724,MagiNet+FailureAnomalyGuard,FailureAnomalyGuard,5.63474999887315,0.1113518550992012,0.1292774081230163,random_missing_50,1
MagiNet,0.1334601328615867,PEMS08,0.0173855131007597,0.081206384339003,1.0,0.6162437221841506,failure_aware_soft,0.0716180503368377,0.7583852410316467,0.1294296619941173,MagiNet+PhyGuard,PhyGuard,3.019981159204709,0.1149727702140808,0.1305646747350692,random_missing_50,1
SAITS,0.3947061276903339,PEMS08,,0.7445933024088541,,,,0.1184118390083313,0.808617115020752,0.3947061276903339,SAITS,Backbone,0.0,,0.3189014494419098,sensor_failure_30,1
SAITS,0.3947061276903339,PEMS08,0.0735329023373672,0.7445933024088541,,1.0,,0.1693875193595886,1.0343124866485596,0.3910229502160565,SAITS+GenericAdapter,GenericAdapter,0.9331442346309514,0.362241119146347,0.3249353468418121,sensor_failure_30,1
SAITS,0.3947061276903339,PEMS08,0.0790336334627438,0.7445933024088541,,0.6775457843456393,,0.1510060876607895,0.944802463054657,0.3889797684413935,SAITS+CalibrationGuard,CalibrationGuard,1.4507905621959445,0.3682646155357361,0.3187901377677917,sensor_failure_30,1
SAITS,0.3947061276903339,PEMS08,0.075919587627735,0.7445933024088541,,0.7440314199410233,,0.1450598388910293,0.9471012353897096,0.3859963261224086,SAITS+FailureAnomalyGuard,FailureAnomalyGuard,2.2066547633531037,0.366629809141159,0.3150715231895447,sensor_failure_30,1
SAITS,0.3947061276903339,PEMS08,0.0780828762677759,0.7445933024088541,1.0,0.7401088639801624,failure_aware_soft,0.1512261480093002,1.0473763942718506,0.3853286793029386,SAITS+PhyGuard,PhyGuard,2.375805119182836,0.3651586174964905,0.3159139752388,sensor_failure_30,1
MagiNet,0.4503980150409773,PEMS08,,0.7445933024088541,,,,0.1351194083690643,1.155331015586853,0.4503980150409773,MagiNet,Backbone,0.0,,0.3250971436500549,sensor_failure_30,1
MagiNet,0.4503980150409773,PEMS08,0.0164596894208122,0.7445933024088541,,1.0,,0.1547600477933883,1.345414400100708,0.4514207029654309,MagiNet+GenericAdapter,GenericAdapter,-0.2270631508801393,0.3571435511112213,0.3261822164058685,sensor_failure_30,1
MagiNet,0.4503980150409773,PEMS08,0.0154262586356767,0.7445933024088541,,0.5704936108558006,,0.1455621719360351,1.2568824291229248,0.4509223987853605,MagiNet+CalibrationGuard,CalibrationGuard,-0.1164267440955473,0.3558281660079956,0.3254464566707611,sensor_failure_30,1
MagiNet,0.4503980150409773,PEMS08,0.0062238912956387,0.7445933024088541,,0.5589603099947661,,0.1370866298675537,1.169798731803894,0.4502713072533701,MagiNet+FailureAnomalyGuard,FailureAnomalyGuard,0.0281324036465119,0.3544277250766754,0.3250268995761871,sensor_failure_30,1
MagiNet,0.4503980150409773,PEMS08,0.0056008022595075,0.7445933024088541,1.0,0.4808333153818168,failure_aware_soft,0.1406179070472717,1.2056679725646973,0.4501442504084967,MagiNet+PhyGuard,PhyGuard,0.0563423070276021,0.3538315594196319,0.3251058459281921,sensor_failure_30,1
SAITS,0.2970788365178791,PEMS08,,0.081206384339003,,,,0.1652247160673141,1.3213753700256348,0.2970788365178791,SAITS,Backbone,0.0,,0.320049911737442,incident_perturbation,1
SAITS,0.2970788365178791,PEMS08,0.0375232741179777,0.081206384339003,,1.0,,0.1720605194568634,1.3313733339309692,0.2749988931409388,SAITS+GenericAdapter,GenericAdapter,7.432351504988986,0.2244093418121338,0.3036129176616668,incident_perturbation,1
SAITS,0.2970788365178791,PEMS08,0.0477696759838533,0.081206384339003,,0.58992832846957,,0.1700319498777389,1.3229588270187378,0.281853508887597,SAITS+CalibrationGuard,CalibrationGuard,5.125012541701471,0.2299641817808151,0.3085645139217376,incident_perturbation,1
SAITS,0.2970788365178791,PEMS08,0.0520604429565745,0.081206384339003,,0.6064723824226931,,0.169569581747055,1.3217055797576904,0.2787116232713749,SAITS+FailureAnomalyGuard,FailureAnomalyGuard,6.182605756030978,0.2276760190725326,0.3062043488025665,incident_perturbation,1
SAITS,0.2970788365178791,PEMS08,0.0629097747144784,0.081206384339003,1.0,0.628889767424849,failure_aware_soft,0.1685940772294998,1.320805311203003,0.2703902688801281,SAITS+PhyGuard,PhyGuard,8.98366506028268,0.2219910770654678,0.2997686862945556,incident_perturbation,1
MagiNet,0.1447356579940248,PEMS08,,0.081206384339003,,,,0.0894545391201973,0.7583437561988831,0.1447356579940248,MagiNet,Backbone,0.0,,0.1762638390064239,incident_perturbation,1
MagiNet,0.1447356579940248,PEMS08,0.0280241374680454,0.081206384339003,,1.0,,0.0980555564165115,0.7962383031845093,0.1394614444895743,MagiNet+GenericAdapter,GenericAdapter,3.644031869926809,0.1212417334318161,0.1718324273824691,incident_perturbation,1
MagiNet,0.1447356579940248,PEMS08,0.0407160248708824,0.081206384339003,,0.582267299725884,,0.0959707647562027,0.7829052209854126,0.1403955072109461,MagiNet+CalibrationGuard,CalibrationGuard,2.9986741644950423,0.1218736246228218,0.1726660132408142,incident_perturbation,1
MagiNet,0.1447356579940248,PEMS08,0.0390515479604437,0.081206384339003,,0.5921059533617716,,0.0961657837033271,0.7852341532707214,0.1403104174206141,MagiNet+FailureAnomalyGuard,FailureAnomalyGuard,3.0574639551460217,0.1217097640037536,0.1727226227521896,incident_perturbation,1
MagiNet,0.1447356579940248,PEMS08,0.0290116407284672,0.081206384339003,1.0,0.5895440558780953,failure_aware_soft,0.094349205493927,0.7797636389732361,0.1413942971252464,MagiNet+PhyGuard,PhyGuard,2.3085954871718086,0.1226990148425102,0.1730217933654785,incident_perturbation,1
SAITS,0.4171368154843689,PEMS-BAY,,0.0717991752826765,,,,0.2067768573760986,0.8328487873077393,0.4171368154843689,SAITS,Backbone,0.0,,0.5328625440597534,random_missing_50,1
SAITS,0.4171368154843689,PEMS-BAY,0.1014098134491586,0.0717991752826765,,1.0,,0.2287987619638443,0.9978652000427246,0.3474158032135006,SAITS+GenericAdapter,GenericAdapter,16.71418337648046,0.3674429059028625,0.4996249079704284,random_missing_50,1
SAITS,0.4171368154843689,PEMS-BAY,0.1172950554214688,0.0717991752826765,,0.6961135262430492,,0.2235605716705322,0.9536962509155272,0.3600534350046069,SAITS+CalibrationGuard,CalibrationGuard,13.68457023230573,0.3808071613311767,0.5035626888275146,random_missing_50,1
SAITS,0.4171368154843689,PEMS-BAY,0.117559204338347,0.0717991752826765,,0.6994322349225721,,0.2235447466373443,0.9498134851455688,0.3592317295802082,SAITS+FailureAnomalyGuard,FailureAnomalyGuard,13.881557262435052,0.3800746500492096,0.5030367970466614,random_missing_50,1
SAITS,0.4171368154843689,PEMS-BAY,0.1108458659696067,0.0717991752826765,1.0,0.6982228027406893,failure_aware_soft,0.2237987220287323,0.9500800371170044,0.3607860778784915,SAITS+PhyGuard,PhyGuard,13.508934122835528,0.3817619979381561,0.5032420754432678,random_missing_50,1
MagiNet,0.2456501420959685,PEMS-BAY,,0.0717991752826765,,,,0.1217700317502021,0.5557771921157837,0.2456501420959685,MagiNet,Backbone,0.0,,0.346251368522644,random_missing_50,1
MagiNet,0.2456501420959685,PEMS-BAY,0.0698775584093737,0.0717991752826765,,1.0,,0.1398449838161468,0.6772905588150024,0.2110761610144833,MagiNet+GenericAdapter,GenericAdapter,14.074480391702004,0.2131109684705734,0.3266603648662567,random_missing_50,1
MagiNet,0.2456501420959685,PEMS-BAY,0.0821811661719659,0.0717991752826765,,0.70841306131191,,0.1334034502506256,0.63344407081604,0.2159078438439561,MagiNet+CalibrationGuard,CalibrationGuard,12.107584387389858,0.2176759243011474,0.3280681371688843,random_missing_50,1
MagiNet,0.2456501420959685,PEMS-BAY,0.0771149324905235,0.0717991752826765,,0.6990798995579012,,0.1368617266416549,0.6789270043373108,0.2181241627299398,MagiNet+FailureAnomalyGuard,FailureAnomalyGuard,11.205358617409262,0.219771921634674,0.3292941153049469,random_missing_50,1
MagiNet,0.2456501420959685,PEMS-BAY,0.0937500236784519,0.0717991752826765,1.0,0.6912384171327428,failure_aware_soft,0.1381248831748962,0.6581137180328369,0.214048990653894,MagiNet+PhyGuard,PhyGuard,12.864291944813486,0.2157575041055679,0.3285726904869079,random_missing_50,1
SAITS,0.527089903954746,PEMS-BAY,,0.7779546724695737,,,,0.1589378714561462,0.5834834575653076,0.527089903954746,SAITS,Backbone,0.0,,0.5410127639770508,sensor_failure_30,1
SAITS,0.527089903954746,PEMS-BAY,0.1469749139279735,0.7779546724695737,,1.0,,0.2488874495029449,0.9601048827171326,0.51630230339206,SAITS+GenericAdapter,GenericAdapter,2.046633881951987,0.5337297916412354,0.5434810519218445,sensor_failure_30,1
SAITS,0.527089903954746,PEMS-BAY,0.1643267391490287,0.7779546724695737,,0.8447253168845663,,0.2324555963277816,0.9040024280548096,0.517125551392432,SAITS+CalibrationGuard,CalibrationGuard,1.890446485040147,0.5340860486030579,0.5416966080665588,sensor_failure_30,1
SAITS,0.527089903954746,PEMS-BAY,0.1693401855676352,0.7779546724695737,,0.8442520349204135,,0.2278110980987548,0.8591379523277283,0.5155604356000213,SAITS+FailureAnomalyGuard,FailureAnomalyGuard,2.18738174801287,0.5328430533409119,0.5394245982170105,sensor_failure_30,1
SAITS,0.527089903954746,PEMS-BAY,0.1555733972666215,0.7779546724695737,1.0,0.8386610900463701,failure_aware_soft,0.2264443635940551,0.9082696437835692,0.5089808872767857,SAITS+PhyGuard,PhyGuard,3.435659940000492,0.526808500289917,0.5356394648551941,sensor_failure_30,1
MagiNet,0.7256694456346992,PEMS-BAY,,0.7779546724695737,,,,0.2188172489404678,0.6387827396392822,0.7256694456346992,MagiNet,Backbone,0.0,,0.7311398386955261,sensor_failure_30,1
MagiNet,0.7256694456346992,PEMS-BAY,0.106768478341654,0.7779546724695737,,1.0,,0.2860399186611175,1.0047897100448608,0.6775168075042517,MagiNet+GenericAdapter,GenericAdapter,6.635616039797743,0.6671718955039978,0.7092304825782776,sensor_failure_30,1
MagiNet,0.7256694456346992,PEMS-BAY,0.1256028648947371,0.7779546724695737,,0.6188834573135895,,0.2598956525325775,0.8744715452194214,0.6896038444674745,MagiNet+CalibrationGuard,CalibrationGuard,4.969976534657634,0.6746865510940552,0.7119935750961304,sensor_failure_30,1
MagiNet,0.7256694456346992,PEMS-BAY,0.1312269353542198,0.7779546724695737,,0.6215860275995164,,0.2573536336421966,0.8367636203765869,0.6878664185400722,MagiNet+FailureAnomalyGuard,FailureAnomalyGuard,5.209400412547739,0.6736520528793335,0.7106927037239075,sensor_failure_30,1
MagiNet,0.7256694456346992,PEMS-BAY,0.0675667159411372,0.7779546724695737,1.0,0.6376906414421237,failure_aware_soft,0.2370201498270034,0.7838165163993835,0.6979463019338595,MagiNet+PhyGuard,PhyGuard,3.820354276676464,0.6778419017791748,0.7107929587364197,sensor_failure_30,1
SAITS,0.4149428964139079,PEMS-BAY,,0.0717991752826765,,,,0.226841926574707,0.8410108089447021,0.4149428964139079,SAITS,Backbone,0.0,,0.560690701007843,incident_perturbation,1
SAITS,0.4149428964139079,PEMS-BAY,0.1009873346170632,0.0717991752826765,,1.0,,0.2459781467914581,0.9922106266021729,0.3506609192644349,SAITS+GenericAdapter,GenericAdapter,15.491764699437436,0.3714619278907776,0.5289837718009949,incident_perturbation,1
SAITS,0.4149428964139079,PEMS-BAY,0.1179569865450827,0.0717991752826765,,0.6867431735338808,,0.2413253039121627,0.9530139565467834,0.3626192320553957,SAITS+CalibrationGuard,CalibrationGuard,12.609846995987384,0.3841999471187591,0.5329182147979736,incident_perturbation,1
SAITS,0.4149428964139079,PEMS-BAY,0.1172350621171036,0.0717991752826765,,0.6868926950649813,,0.2412293702363968,0.9418395757675172,0.3629290093491368,SAITS+FailureAnomalyGuard,FailureAnomalyGuard,12.535191592456366,0.3844625949859619,0.533588171005249,incident_perturbation,1
SAITS,0.4149428964139079,PEMS-BAY,0.1086150085141398,0.0717991752826765,1.0,0.6778102723312427,failure_aware_soft,0.2409828901290893,0.936726987361908,0.3651593616642958,SAITS+PhyGuard,PhyGuard,11.99768333904738,0.3867355287075043,0.5343889594078064,incident_perturbation,1
MagiNet,0.2627591969632985,PEMS-BAY,,0.0717991752826765,,,,0.1514036655426025,0.5881945490837097,0.2627591969632985,MagiNet,Backbone,0.0,,0.4084106683731079,incident_perturbation,1
MagiNet,0.2627591969632985,PEMS-BAY,0.0724428582126721,0.0717991752826765,,1.0,,0.1655094772577285,0.6854466795921326,0.230094772530268,MagiNet+GenericAdapter,GenericAdapter,12.431315368037527,0.2309194058179855,0.3875670135021209,incident_perturbation,1
MagiNet,0.2627591969632985,PEMS-BAY,0.0873441105438946,0.0717991752826765,,0.6887486436982736,,0.1596881598234176,0.6439087986946106,0.2346239868148276,MagiNet+CalibrationGuard,CalibrationGuard,10.707602425958353,0.2351398468017578,0.3897922039031982,incident_perturbation,1
MagiNet,0.2627591969632985,PEMS-BAY,0.0905906946588484,0.0717991752826765,,0.6871244913237101,,0.1627258509397506,0.6827614307403564,0.2340284421775992,MagiNet+FailureAnomalyGuard,FailureAnomalyGuard,10.934252775065495,0.2346867322921753,0.3894572854042053,incident_perturbation,1
MagiNet,0.2627591969632985,PEMS-BAY,0.0970261111445065,0.0717991752826765,1.0,0.6690539808087095,failure_aware_soft,0.1633347570896148,0.670668363571167,0.2335780464506821,MagiNet+PhyGuard,PhyGuard,11.10566284638643,0.2341171205043792,0.3903598189353943,incident_perturbation,1
SAITS,0.4454387072426656,METR-LA,,0.0626894467034964,,,,0.2215761691331863,0.8582700490951538,0.4454387072426656,SAITS,Backbone,0.0,,0.6033737659454346,random_missing_50,1
SAITS,0.4454387072426656,METR-LA,0.0740324461285249,0.0626894467034964,,1.0,,0.2476817965507507,1.0604095458984375,0.4052069996364441,SAITS+GenericAdapter,GenericAdapter,9.03192896173348,0.4357857406139374,0.5745154023170471,random_missing_50,1
SAITS,0.4454387072426656,METR-LA,0.0851413570514036,0.0626894467034964,,0.61895855067653,,0.2383663654327392,0.9871217608451844,0.4152097263056398,SAITS+CalibrationGuard,CalibrationGuard,6.786339050808553,0.4491711854934692,0.5810863375663757,random_missing_50,1
SAITS,0.4454387072426656,METR-LA,0.085645969913774,0.0626894467034964,,0.6173557927889479,,0.2377060055732727,0.9819418787956238,0.41507739393652,SAITS+FailureAnomalyGuard,FailureAnomalyGuard,6.816047373630118,0.4494206309318542,0.5804805755615234,random_missing_50,1
SAITS,0.4454387072426656,METR-LA,0.0767726066562342,0.0626894467034964,1.0,0.6188797143715226,failure_aware_soft,0.2375539690256118,0.999439001083374,0.41642907103566,SAITS+PhyGuard,PhyGuard,6.512598868333583,0.4511963129043579,0.580133855342865,random_missing_50,1
MagiNet,0.3608898326852554,METR-LA,,0.0626894467034964,,,,0.1795187145471573,0.8363052010536194,0.3608898326852554,MagiNet,Backbone,0.0,,0.505541980266571,random_missing_50,1
MagiNet,0.3608898326852554,METR-LA,0.0695656606146465,0.0626894467034964,,1.0,,0.2038260251283645,0.9711267352104188,0.3322095208175266,MagiNet+GenericAdapter,GenericAdapter,7.947109968249492,0.2270245850086212,0.4838477671146393,random_missing_50,1
MagiNet,0.3608898326852554,METR-LA,0.0834123425249747,0.0626894467034964,,0.6402908348349773,,0.1956178694963455,0.9171004891395568,0.338037109375,MagiNet+CalibrationGuard,CalibrationGuard,6.33232672148625,0.231280118227005,0.4876847565174103,random_missing_50,1
MagiNet,0.3608898326852554,METR-LA,0.0891939555869056,0.0626894467034964,,0.6274196225341426,,0.1977358162403106,0.9212073683738708,0.3376175629109762,MagiNet+FailureAnomalyGuard,FailureAnomalyGuard,6.448580055890842,0.2307440042495727,0.4873543083667755,random_missing_50,1
MagiNet,0.3608898326852554,METR-LA,0.0892015255516565,0.0626894467034964,1.0,0.6183193640933232,failure_aware_soft,0.1965868175029754,0.954683780670166,0.3374287707068791,MagiNet+PhyGuard,PhyGuard,6.500893029823186,0.2307577282190323,0.4883426427841186,random_missing_50,1
SAITS,0.4392634976294733,METR-LA,,0.7665612005418346,,,,0.1315668374300003,0.6008985042572021,0.4392634976294733,SAITS,Backbone,0.0,,0.4191265106201172,sensor_failure_30,1
SAITS,0.4392634976294733,METR-LA,0.13984437142649,0.7665612005418346,,1.0,,0.2029569298028946,1.0203089714050293,0.4684960560132098,SAITS+GenericAdapter,GenericAdapter,-6.654902704525371,0.5945345163345337,0.4368024468421936,sensor_failure_30,1
SAITS,0.4392634976294733,METR-LA,0.0622118314107259,0.7665612005418346,,0.6157498103316112,,0.151718184351921,0.7157387137413025,0.4457296556042087,SAITS+CalibrationGuard,CalibrationGuard,-1.47204536903945,0.59707111120224,0.4235658645629883,sensor_failure_30,1
SAITS,0.4392634976294733,METR-LA,0.1287894710417716,0.7665612005418346,,0.7625724218224966,,0.1771132051944732,0.808009684085846,0.4411325352166289,SAITS+FailureAnomalyGuard,FailureAnomalyGuard,-0.4254934901811785,0.5770321488380432,0.4194497466087341,sensor_failure_30,1
SAITS,0.4392634976294733,METR-LA,0.1325066884358724,0.7665612005418346,1.0,0.7912371235509073,failure_aware_soft,0.1801207959651947,0.8147572875022888,0.4390970865885417,SAITS+PhyGuard,PhyGuard,0.0378841041492582,0.573391318321228,0.4144909083843231,sensor_failure_30,1
MagiNet,0.7383485199302755,METR-LA,,0.7665612005418346,,,,0.2211478650569915,1.1767961978912354,0.7383485199302755,MagiNet,Backbone,0.0,,0.5806115865707397,sensor_failure_30,1
MagiNet,0.7383485199302755,METR-LA,0.0755787203388829,0.7665612005418346,,1.0,,0.2634826600551605,1.3941911458969116,0.6972185360488071,MagiNet+GenericAdapter,GenericAdapter,5.570537865417866,0.702446460723877,0.5548901557922363,sensor_failure_30,1
MagiNet,0.7383485199302755,METR-LA,0.0898539943079794,0.7665612005418346,,0.5820845737252184,,0.2465727627277374,1.3009907007217407,0.7095889019709761,MagiNet+CalibrationGuard,CalibrationGuard,3.8951277320925946,0.7134414315223694,0.5620564222335815,sensor_failure_30,1
MagiNet,0.7383485199302755,METR-LA,0.0970625313379431,0.7665612005418346,,0.5836216095955141,,0.2387789934873581,1.266546607017517,0.7104968819566952,MagiNet+FailureAnomalyGuard,FailureAnomalyGuard,3.7721532882886217,0.7134973406791687,0.5615441799163818,sensor_failure_30,1
MagiNet,0.7383485199302755,METR-LA,0.0223652624314831,0.7665612005418346,1.0,0.5985263291225639,failure_aware_soft,0.228838250041008,1.2024788856506348,0.7294342697307628,MagiNet+PhyGuard,PhyGuard,1.2073228236923332,0.7343997955322266,0.5741839408874512,sensor_failure_30,1
SAITS,0.4800543160407182,METR-LA,,0.0626894467034964,,,,0.2615070044994354,0.9739924669265748,0.4800543160407182,SAITS,Backbone,0.0,,0.6387563943862915,incident_perturbation,1
SAITS,0.4800543160407182,METR-LA,0.0870239566538631,0.0626894467034964,,1.0,,0.2867401242256164,1.1898642778396606,0.4377510807884421,SAITS+GenericAdapter,GenericAdapter,8.8121768388992,0.4418944120407104,0.6105144023895264,incident_perturbation,1
SAITS,0.4800543160407182,METR-LA,0.1018462193150923,0.0626894467034964,,0.625418731427036,,0.2785782217979431,1.1157293319702148,0.4482328022255943,SAITS+CalibrationGuard,CalibrationGuard,6.628731947995814,0.4543818831443786,0.6174522042274475,incident_perturbation,1
SAITS,0.4800543160407182,METR-LA,0.099442267719398,0.0626894467034964,,0.6240308469271624,,0.278334766626358,1.098992109298706,0.448782631117223,SAITS+FailureAnomalyGuard,FailureAnomalyGuard,6.514197222808163,0.4553559124469757,0.6176100969314575,incident_perturbation,1
SAITS,0.4800543160407182,METR-LA,0.0845542772647161,0.0626894467034964,1.0,0.6249278815756196,failure_aware_soft,0.2748632431030273,1.1105324029922483,0.4513248055766312,SAITS+PhyGuard,PhyGuard,5.984637467908978,0.458068698644638,0.6174249053001404,incident_perturbation,1
MagiNet,0.3781130708222686,METR-LA,,0.0626894467034964,,,,0.2107980400323867,0.900663435459137,0.3781130708222686,MagiNet,Backbone,0.0,,0.5311782360076904,incident_perturbation,1
MagiNet,0.3781130708222686,METR-LA,0.0670839656044511,0.0626894467034964,,1.0,,0.2282227128744125,0.985788643360138,0.3516377797799696,MagiNet+GenericAdapter,GenericAdapter,7.001950761639664,0.241943672299385,0.5083991885185242,incident_perturbation,1
MagiNet,0.3781130708222686,METR-LA,0.0799924473239124,0.0626894467034964,,0.6315190609983561,,0.2216361463069915,0.9463581442832948,0.3573053494088265,MagiNet+CalibrationGuard,CalibrationGuard,5.50304208426127,0.2459344714879989,0.5128377079963684,incident_perturbation,1
MagiNet,0.3781130708222686,METR-LA,0.0870312858122312,0.0626894467034964,,0.6244503686930956,,0.2237998992204666,0.953553318977356,0.3562105818474962,MagiNet+FailureAnomalyGuard,FailureAnomalyGuard,5.792576524038652,0.2452908754348755,0.5119960308074951,incident_perturbation,1
MagiNet,0.3781130708222686,METR-LA,0.0945477174518683,0.0626894467034964,1.0,0.6141791243835356,failure_aware_soft,0.2234388440847396,0.9832062125205994,0.3556551711874051,MagiNet+PhyGuard,PhyGuard,5.939466621988252,0.2443255633115768,0.5126557350158691,incident_perturbation,1
